"type","Quantity","values"
Mohn,SSB,-0.0489041483780316
Mohn,Recruitment,0.938291015370702
Mohn,Fraction unfished,-0.0739781015394938
Mohn,F,-0.0474043154601253
NEFSC,SSB,-0.0153683645422079
NEFSC,Recruitment,0.00201507292838043
NEFSC,Fraction unfished,-0.0402344067506739
NEFSC,F,0.0146952711168816
AFSC,SSB,-0.00978082967560633
AFSC,Recruitment,0.18765820307414
AFSC,F,-0.00948086309202506
AFSC,Fraction unfished,-0.0147956203078988
