This is LuaHBTeX, Version 1.22.0 (TeX Live 2025)  (format=lualatex 2026.1.23)  23 JAN 2026 16:19
 restricted system commands enabled.
**yelloweye_508.tex
(./yelloweye_508.tex
LaTeX2e <2025-11-01>
L3 programming layer <2026-01-19>
Lua module: luaotfload 2024-12-03 v3.29 Lua based OpenType font support
Lua module: lualibs 2023-07-13 v2.76 ConTeXt Lua standard libraries.
Lua module: lualibs-extended 2023-07-13 v2.76 ConTeXt Lua libraries -- extended collection.
luaotfload | conf : Root cache directory is "C:/Users/Claire.Rosemond/AppData/Roaming/TinyTeX/texmf-var/luatex-cache/generic/names".
luaotfload | init : Loading fontloader "fontloader-2023-12-28.lua" from kpse-resolved path "c:/Users/Claire.Rosemond/AppData/Roaming/TinyTeX/texmf-dist/tex/luatex/luaotfload/fontloader-2023-12-28.lua".
Lua-only attribute luaotfload@noligature = 1
luaotfload | init : Context OpenType loader version 3.134
Inserting `luaotfload.node_processor' in `pre_linebreak_filter'.
Inserting `luaotfload.node_processor' in `hpack_filter'.
Inserting `luaotfload.glyph_stream' in `glyph_stream_provider'.
Inserting `luaotfload.define_font' in `define_font'.
Lua-only attribute luaotfload_color_attribute = 2
luaotfload | conf : Root cache directory is "C:/Users/Claire.Rosemond/AppData/Roaming/TinyTeX/texmf-var/luatex-cache/generic/names".
Inserting `luaotfload.harf.strip_prefix' in `find_opentype_file'.
Inserting `luaotfload.harf.strip_prefix' in `find_truetype_file'.
Removing  `luaotfload.glyph_stream' from `glyph_stream_provider'.
Inserting `luaotfload.harf.glyphstream' in `glyph_stream_provider'.
Inserting `luaotfload.harf.finalize_vlist' in `post_linebreak_filter'.
Inserting `luaotfload.harf.finalize_hlist' in `hpack_filter'.
Inserting `luaotfload.cleanup_files' in `wrapup_run'.
Inserting `luaotfload.harf.finalize_unicode' in `finish_pdffile'.
Inserting `luaotfload.glyphinfo' in `glyph_info'.
Lua-only attribute luaotfload.letterspace_done = 3
Inserting `luaotfload.aux.set_sscale_dimens' in `luaotfload.patch_font'.
Inserting `luaotfload.aux.set_font_index' in `luaotfload.patch_font'.
Inserting `luaotfload.aux.patch_cambria_domh' in `luaotfload.patch_font'.
Inserting `luaotfload.aux.fixup_fontdata' in `luaotfload.patch_font_unsafe'.
Inserting `luaotfload.aux.set_capheight' in `luaotfload.patch_font'.
Inserting `luaotfload.aux.set_xheight' in `luaotfload.patch_font'.
Inserting `luaotfload.rewrite_fontname' in `luaotfload.patch_font'.
Inserting `tracingstacklevels' in `input_level_string'. (./accessibility.tex (c:/Users/Claire.Rosemond/AppData/Roaming/TinyTeX/texmf-dist/tex/latex/latex-lab/documentmetadata-support.ltx (c:/Users/Claire.Rosemond/AppData/Roaming/TinyTeX/texmf-dist/tex/latex/pdfmanagement-testphase/pdfmanagement-testphase.sty
Package: pdfmanagement-testphase 2025-11-12 v0.96x LaTeX PDF management bundle
(c:/Users/Claire.Rosemond/AppData/Roaming/TinyTeX/texmf-dist/tex/latex/tagpdf/tagpdf-base.sty
Package: tagpdf-base 2026-01-12 v0.99x part of tagpdf - provide base, no-op versions of the user commands 
\c@g__tag_MCID_abs_int=\count273
\c@g__tag_struct_abs_int=\count274
) (c:/Users/Claire.Rosemond/AppData/Roaming/TinyTeX/texmf-dist/tex/latex/pdfmanagement-testphase/pdfmanagement.ltx
File: pdfmanagement.ltx 2025-11-12 v0.96x PDF management code
\g__pdfmanagement_EmbeddedFiles_int=\count275
\l__pdfmeta_xmp_indent_int=\count276
\g_pdffile_embed_pdfa_int=\count277
\g_pdffile_embed_nonpdfa_int=\count278
))) (c:/Users/Claire.Rosemond/AppData/Roaming/TinyTeX/texmf-dist/tex/latex/l3backend/l3backend-luatex.def
File: l3backend-luatex.def 2025-10-09 L3 backend support: PDF output (LuaTeX)
\l__color_backend_stack_int=\count279
Inserting `l3color' in `luaotfload.parse_color'.
Inserting `l3opacity' in `luaotfload.parse_transparent'.) (c:/Users/Claire.Rosemond/AppData/Roaming/TinyTeX/texmf-dist/tex/latex/pdfmanagement-testphase/l3backend-testphase-luatex.def
File: l3backend-testphase-luatex.def 2025-11-12 v0.96s LaTeX PDF management bundle backend support:PDFoutput(LuaTeX)
\l__pdf_backend_tmpa_box=\box53
\l__pdf_backend_tmpb_box=\box54
\g__pdf_backend_resourceid_int=\count280
\g__pdf_backend_name_int=\count281
\g__pdf_backend_page_int=\count282
Custom whatsit pdf_link_adjust_level = 1
Inserting `linksplit' in `pre_shipout_filter'.
Lua function pdflinkadjustlevel = 31) (c:/Users/Claire.Rosemond/AppData/Roaming/TinyTeX/texmf-dist/tex/latex/latex-lab/latex-lab-testphase-latest.sty
Package: latex-lab-testphase-latest 2025-09-13 v0.1d latex-lab modules
(c:/Users/Claire.Rosemond/AppData/Roaming/TinyTeX/texmf-dist/tex/latex/tagpdf/tagpdf.sty
Package: tagpdf 2026-01-12 v0.99x  LaTeX kernel code for PDF tagging 
\l__tag_tmpa_int=\count283
\l__tag_tmpa_box=\box55
\l__tag_tmpb_box=\box56
\l__tag_loglevel_int=\count284
\g__tag_unique_cnt_int=\count285
\l__tag_tag_stop_int=\count286
(c:/Users/Claire.Rosemond/AppData/Roaming/TinyTeX/texmf-dist/tex/latex/tagpdf/tagpdf-luatex.def
File: tagpdf-luatex.def 2026-01-12 v0.99x tagpdf driver for luatex
luaotfload | db : Font names database loaded from C:/Users/Claire.Rosemond/AppData/Roaming/TinyTeX/texmf-var/luatex-cache/generic/names/luaotfload-names.luc.gz
Lua module: tagpdf 2026-01-12 v0.99x tagpdf lua code
Lua-only attribute g__tag_mc_type_attr = 4
Lua-only attribute g__tag_mc_cnt_attr = 5
Lua-only attribute g__tag_structnum_attr = 6
Lua-only attribute g__tag_interwordspaceOff_attr = 7
Lua-only attribute g__tag_interwordspace_attr = 8
Lua-only attribute g__tag_interwordfont_attr = 9
Inserting `tagpdf.rewrite-softhyphen' in `pre_shaping_filter'.
Inserting `tagpdf.rewrite-softhyphen' in `post_shaping_filter'.
Inserting `tagpdf' in `linksplit'.) (c:/Users/Claire.Rosemond/AppData/Roaming/TinyTeX/texmf-dist/tex/latex/tagpdf/tagpdf-mc-code-lua.sty
Package: tagpdf-mc-code-lua 2026-01-12 v0.99x tagpdf - mc code only for the luamode 
)
\g__tag_tree_id_pad_int=\count287
\c@g__tag_parenttree_obj_int=\count288

Package tagpdf Info: reading namespace definitions tagpdf-ns-pdf.def


Package tagpdf Info: reading namespace definitions tagpdf-ns-pdf2.def


Package tagpdf Info: reading namespace definitions tagpdf-ns-mathml.def


Package tagpdf Info: reading namespace definitions tagpdf-ns-latex-book.def


Package tagpdf Info: reading namespace definitions tagpdf-ns-latex.def


Package tagpdf Info: reading namespace definitions tagpdf-ns-latex-lab.def


Package tagpdf Info: reading namespace definitions tagpdf-ns-pdf.def


Package tagpdf Info: reading namespace definitions tagpdf-ns-pdf2.def

\g__tag_struct_AFobj_int=\count289
\g__tag_para_begin_int=\count290
\g__tag_para_end_int=\count291
\g__tag_para_main_begin_int=\count292
\g__tag_para_main_end_int=\count293
) (c:/Users/Claire.Rosemond/AppData/Roaming/TinyTeX/texmf-dist/tex/latex/latex-lab/latex-lab-testphase-names.sty
Package: latex-lab-testphase-names 2025-08-14 v0.8f Code related to the names of tags
) (c:/Users/Claire.Rosemond/AppData/Roaming/TinyTeX/texmf-dist/tex/latex/latex-lab/latex-lab-testphase-new-or-2.sty
Package: latex-lab-testphase-new-or-2 2025-05-10 v0.86d Changes to the output routine
(c:/Users/Claire.Rosemond/AppData/Roaming/TinyTeX/texmf-dist/tex/latex/latex-lab/latex-lab-footnotes.ltx
File: latex-lab-footnotes.ltx 2025-07-04 v0.8o changes to the footnote interfaces
\footnotemargin=\dimen147
\g_fnote_id_int=\count294
)) (c:/Users/Claire.Rosemond/AppData/Roaming/TinyTeX/texmf-dist/tex/latex/latex-lab/latex-lab-testphase-block.sty
Package: latex-lab-testphase-block 2025-07-26 v0.9k blockenv implementation
(c:/Users/Claire.Rosemond/AppData/Roaming/TinyTeX/texmf-dist/tex/latex/latex-lab/latex-lab-kernel-changes.sty
Package: latex-lab-kernel-changes 2025-07-09 v0.85i General kernel and class changes
(c:/Users/Claire.Rosemond/AppData/Roaming/TinyTeX/texmf-dist/tex/generic/pdftex/glyphtounicode.tex) (c:/Users/Claire.Rosemond/AppData/Roaming/TinyTeX/texmf-dist/tex/latex/latex-lab/glyphtounicode-cmex.tex)) (c:/Users/Claire.Rosemond/AppData/Roaming/TinyTeX/texmf-dist/tex/latex/latex-lab/latex-lab-testphase-context.sty
Package: latex-lab-testphase-context 2025-10-09 v0.5b Providing context for instance, etc.
)

LaTeX template Info: Declaring template type 'blockenv' taking 1 argument(s)
(template)           on line 96.


LaTeX template Info: Declaring template type 'block' taking 1 argument(s) on
(template)           line 97.


LaTeX template Info: Declaring template type 'para' taking 1 argument(s) on
(template)           line 98.


LaTeX template Info: Declaring template type 'list' taking 1 argument(s) on
(template)           line 99.


LaTeX template Info: Declaring template type 'item' taking 1 argument(s) on
(template)           line 100.

\c@maxblocklevels=\count295
\l__par_start_skip=\skip49
\l__block_botsep_skip=\skip50
\l__block_parbotsep_skip=\skip51
\l__block_parindent_dim=\dimen148
\l__block_counter_start_int=\count296
\l__block_one_label_box=\box57
\g__block_labels_box=\box58
\l__block_tmpa_skip=\skip52
\l__block_topsepadd_skip=\skip53
\l__block_effective_top_skip=\skip54
LaTeX Info: Redefining \centering on input line 1476.
LaTeX Info: Redefining \raggedleft on input line 1477.
LaTeX Info: Redefining \raggedright on input line 1478.
) (c:/Users/Claire.Rosemond/AppData/Roaming/TinyTeX/texmf-dist/tex/latex/latex-lab/latex-lab-testphase-sec.sty
Package: latex-lab-testphase-sec 2025-10-20 v0.84k Code related to the tagging of sectioning commands
) (c:/Users/Claire.Rosemond/AppData/Roaming/TinyTeX/texmf-dist/tex/latex/latex-lab/latex-lab-testphase-toc.sty
Package: latex-lab-testphase-toc 2025-07-02 v0.85h  Code related to the tagging of toc-like lists
\g__tag_toc_level_int=\count297
) (c:/Users/Claire.Rosemond/AppData/Roaming/TinyTeX/texmf-dist/tex/latex/latex-lab/latex-lab-testphase-minipage.sty
Package: latex-lab-testphase-minipage 2025-05-10 v0.81g Code related to the tagging of minipages and parboxes
(c:/Users/Claire.Rosemond/AppData/Roaming/TinyTeX/texmf-dist/tex/latex/latex-lab/latex-lab-testphase-new-or-1.sty
Package: latex-lab-testphase-new-or-1 2025-05-10 v0.85d Temporary output patches for tagging and better link support -- no longer active
)) (c:/Users/Claire.Rosemond/AppData/Roaming/TinyTeX/texmf-dist/tex/latex/latex-lab/latex-lab-testphase-graphic.sty
Package: latex-lab-testphase-graphic 2025-09-25 v0.80i Code related to the tagging of graphics
\g__tag_graphic_int=\count298
) (c:/Users/Claire.Rosemond/AppData/Roaming/TinyTeX/texmf-dist/tex/latex/latex-lab/latex-lab-testphase-float.sty
Package: latex-lab-testphase-float 2025-10-17 v0.81l Code related to the tagging of floats
\g__tag_float_int=\count299
) (c:/Users/Claire.Rosemond/AppData/Roaming/TinyTeX/texmf-dist/tex/latex/latex-lab/latex-lab-testphase-bib.sty
Package: latex-lab-testphase-bib 2025-05-09 v0.81c Code related to the tagging of bibliography and cite command
) (c:/Users/Claire.Rosemond/AppData/Roaming/TinyTeX/texmf-dist/tex/latex/latex-lab/latex-lab-testphase-text.sty
Package: latex-lab-testphase-text 2025-05-10 v0.85f Code related to the tagging of various small text commands
LaTeX Info: Redefining \mbox on input line 84.
) (c:/Users/Claire.Rosemond/AppData/Roaming/TinyTeX/texmf-dist/tex/latex/latex-lab/latex-lab-testphase-marginpar.sty
Package: latex-lab-testphase-marginpar 2025-07-23 v0.85h Changes related to the tagging of the margin notes
\g__kernel_marginpar_int=\count300
) (c:/Users/Claire.Rosemond/AppData/Roaming/TinyTeX/texmf-dist/tex/latex/latex-lab/latex-lab-testphase-title.sty
Package: latex-lab-testphase-title 2025-03-08 v0.85d Changes related to the tagging of the title
) (c:/Users/Claire.Rosemond/AppData/Roaming/TinyTeX/texmf-dist/tex/latex/latex-lab/latex-lab-testphase-table.sty
Package: latex-lab-testphase-table 2025-08-01 v0.85s Code related to the tagging of tables
(c:/Users/Claire.Rosemond/AppData/Roaming/TinyTeX/texmf-dist/tex/latex/tools/array.sty
Package: array 2025/09/25 v2.6n Tabular extension package (FMi)
\col@sep=\dimen149
\ar@mcellbox=\box59
\extrarowheight=\dimen150
\NC@list=\toks17
\extratabsurround=\skip55
\backup@length=\skip56
\ar@cellbox=\box60
)) (c:/Users/Claire.Rosemond/AppData/Roaming/TinyTeX/texmf-dist/tex/latex/latex-lab/latex-lab-testphase-math.sty
Package: latex-lab-testphase-math 2025-03-10 v0.8d code related to the math tagging
(c:/Users/Claire.Rosemond/AppData/Roaming/TinyTeX/texmf-dist/tex/latex/latex-lab/latex-lab-math.ltx
File: latex-lab-math.ltx 2025-10-02 v0.6w Grab all the math(s) and tag it (experiments)
\l__math_tmpa_skip=\skip57
\g__math_mathml_total_int=\count301
\g__math_mathml_int=\count302
\g__math_math_total_int=\count303
\g__math_mathml_AF_found_int=\count304
\g__math_mathml_AF_attached_int=\count305
\l__math_tmpa_box=\box61
\l__math_mathstyle_int=\count306
\g__math_mathchoice_int=\count307
\l__math_grab_env_int=\count308
\g__math_postdisplaypenalty_int=\count309
) (c:/Users/Claire.Rosemond/AppData/Roaming/TinyTeX/texmf-dist/tex/latex/latex-lab/latex-lab-mathpkg.ltx
File: latex-lab-mathpkg.ltx 2025-06-20 v0.1c mathpkg adaptions
) (c:/Users/Claire.Rosemond/AppData/Roaming/TinyTeX/texmf-dist/tex/latex/latex-lab/latex-lab-mathintent.ltx
File: latex-lab-mathintent.ltx 2025-08-03 v0.1c MathML intent attributes
)) (c:/Users/Claire.Rosemond/AppData/Roaming/TinyTeX/texmf-dist/tex/latex/latex-lab/latex-lab-testphase-firstaid.sty
Package: latex-lab-testphase-firstaid 2025-11-03 v2025-11-03 Temporary patches to external packages needed for the tagging project
) (c:/Users/Claire.Rosemond/AppData/Roaming/TinyTeX/texmf-dist/tex/latex/latex-lab/latex-lab-testphase-tikz.sty
Package: latex-lab-testphase-tikz 2025-09-27 v0.80d Code related to the tagging of tikz pictures
)) (c:/Users/Claire.Rosemond/AppData/Roaming/TinyTeX/texmf-dist/tex/latex/pdfmanagement-testphase/pdfmanagement-firstaid.sty
Package: pdfmanagement-firstaid 2025-11-12 v0.96x LaTeX PDF management bundle / firstaid-patches

Package pdfmanagement Info: loading pdfmanagement firstaid code for pgf

))
Inserting `markspaces' in `pre_linebreak_filter'.
Inserting `markspaces' in `hpack_filter'. (c:/Users/Claire.Rosemond/AppData/Roaming/TinyTeX/texmf-dist/tex/latex/base/article.cls
Document Class: article 2025/01/22 v1.4n Standard LaTeX document class
(c:/Users/Claire.Rosemond/AppData/Roaming/TinyTeX/texmf-dist/tex/latex/base/size10.clo
File: size10.clo 2025/01/22 v1.4n Standard LaTeX file (size option)
)
\c@part=\count310
\c@section=\count311
\c@subsection=\count312
\c@subsubsection=\count313
\c@paragraph=\count314
\c@subparagraph=\count315
\c@figure=\count316
\c@table=\count317
\abovecaptionskip=\skip58
\belowcaptionskip=\skip59
\bibindent=\dimen151
) (c:/Users/Claire.Rosemond/AppData/Roaming/TinyTeX/texmf-dist/tex/latex/xcolor/xcolor.sty
Package: xcolor 2024/09/29 v3.02 LaTeX color extensions (UK)
(c:/Users/Claire.Rosemond/AppData/Roaming/TinyTeX/texmf-dist/tex/latex/graphics-cfg/color.cfg
File: color.cfg 2016/01/02 v1.6 sample color configuration
)
Package xcolor Info: Driver file: luatex.def on input line 274.
(c:/Users/Claire.Rosemond/AppData/Roaming/TinyTeX/texmf-dist/tex/latex/graphics-def/luatex.def
File: luatex.def 2025/09/29 v1.2f Graphics/color driver for luatex
) (c:/Users/Claire.Rosemond/AppData/Roaming/TinyTeX/texmf-dist/tex/latex/graphics/mathcolor.ltx)
Package xcolor Info: Model `cmy' substituted by `cmy0' on input line 1349.
Package xcolor Info: Model `hsb' substituted by `rgb' on input line 1353.
Package xcolor Info: Model `RGB' extended on input line 1365.
Package xcolor Info: Model `HTML' substituted by `rgb' on input line 1367.
Package xcolor Info: Model `Hsb' substituted by `hsb' on input line 1368.
Package xcolor Info: Model `tHsb' substituted by `hsb' on input line 1369.
Package xcolor Info: Model `HSB' substituted by `hsb' on input line 1370.
Package xcolor Info: Model `Gray' substituted by `gray' on input line 1371.
Package xcolor Info: Model `wave' substituted by `hsb' on input line 1372.
) (c:/Users/Claire.Rosemond/AppData/Roaming/TinyTeX/texmf-dist/tex/latex/pdfmanagement-testphase/xcolor-patches-tmp-ltx.sty
Package: xcolor-patches-tmp-ltx 2025-11-12 v0.96x patch xcolor for l3color
) (c:/Users/Claire.Rosemond/AppData/Roaming/TinyTeX/texmf-dist/tex/latex/graphics/dvipsnam.def
File: dvipsnam.def 2016/06/17 v3.0m Driver-dependent file (DPC,SPQR)
) (c:/Users/Claire.Rosemond/AppData/Roaming/TinyTeX/texmf-dist/tex/latex/xcolor/svgnam.def
File: svgnam.def 2024/09/29 v3.02 Predefined colors according to SVG 1.1 (UK)
) (c:/Users/Claire.Rosemond/AppData/Roaming/TinyTeX/texmf-dist/tex/latex/xcolor/x11nam.def
File: x11nam.def 2024/09/29 v3.02 Predefined colors according to Unix/X11 (UK)
) (c:/Users/Claire.Rosemond/AppData/Roaming/TinyTeX/texmf-dist/tex/latex/amsmath/amsmath.sty
Package: amsmath 2025/07/09 v2.17z AMS math features
\@mathmargin=\skip60
For additional information on amsmath, use the `?' option.
(c:/Users/Claire.Rosemond/AppData/Roaming/TinyTeX/texmf-dist/tex/latex/amsmath/amstext.sty
Package: amstext 2024/11/17 v2.01 AMS text
(c:/Users/Claire.Rosemond/AppData/Roaming/TinyTeX/texmf-dist/tex/latex/amsmath/amsgen.sty
File: amsgen.sty 1999/11/30 v2.0 generic functions
\@emptytoks=\toks18
\ex@=\dimen152
)) (c:/Users/Claire.Rosemond/AppData/Roaming/TinyTeX/texmf-dist/tex/latex/amsmath/amsbsy.sty
Package: amsbsy 1999/11/29 v1.2d Bold Symbols
\pmbraise@=\dimen153
) (c:/Users/Claire.Rosemond/AppData/Roaming/TinyTeX/texmf-dist/tex/latex/amsmath/amsopn.sty
Package: amsopn 2022/04/08 v2.04 operator names
)
\inf@bad=\count318
LaTeX Info: Redefining \frac on input line 235.
\uproot@=\count319
\leftroot@=\count320
LaTeX Info: Redefining \overline on input line 398.
LaTeX Info: Redefining \colon on input line 409.
\classnum@=\count321
\DOTSCASE@=\count322
LaTeX Info: Redefining \ldots on input line 495.
LaTeX Info: Redefining \dots on input line 498.
LaTeX Info: Redefining \cdots on input line 619.
\Mathstrutbox@=\box62
\strutbox@=\box63
LaTeX Info: Redefining \big on input line 721.
LaTeX Info: Redefining \Big on input line 722.
LaTeX Info: Redefining \bigg on input line 723.
LaTeX Info: Redefining \Bigg on input line 724.
\big@size=\dimen154
LaTeX Font Info:    Redeclaring font encoding OML on input line 742.
LaTeX Font Info:    Redeclaring font encoding OMS on input line 743.
\macc@depth=\count323
LaTeX Info: Redefining \bmod on input line 904.
LaTeX Info: Redefining \pmod on input line 909.
LaTeX Info: Redefining \smash on input line 939.
LaTeX Info: Redefining \relbar on input line 969.
LaTeX Info: Redefining \Relbar on input line 970.
\c@MaxMatrixCols=\count324
\dotsspace@=\muskip17
\c@parentequation=\count325
\dspbrk@lvl=\count326
\tag@help=\toks19
\row@=\count327
\column@=\count328
\maxfields@=\count329
\andhelp@=\toks20
\eqnshift@=\dimen155
\alignsep@=\dimen156
\tagshift@=\dimen157
\tagwidth@=\dimen158
\totwidth@=\dimen159
\lineht@=\dimen160
\@envbody=\toks21
\multlinegap=\skip61
\multlinetaggap=\skip62
\mathdisplay@stack=\toks22
LaTeX Info: Redefining \[ on input line 2950.
LaTeX Info: Redefining \] on input line 2951.
) (c:/Users/Claire.Rosemond/AppData/Roaming/TinyTeX/texmf-dist/tex/latex/latex-lab/latex-lab-amsmath.ltx
File: latex-lab-amsmath.ltx 2025-09-29 v0.1i amsmath adaptions
LaTeX Info: Redefining \eqref on input line 57.
) (c:/Users/Claire.Rosemond/AppData/Roaming/TinyTeX/texmf-dist/tex/latex/amsfonts/amssymb.sty
Package: amssymb 2013/01/14 v3.01 AMS font symbols
(c:/Users/Claire.Rosemond/AppData/Roaming/TinyTeX/texmf-dist/tex/latex/amsfonts/amsfonts.sty
Package: amsfonts 2013/01/14 v3.01 Basic AMSFonts support
\symAMSa=\mathgroup4
\symAMSb=\mathgroup5
LaTeX Font Info:    Redeclaring math symbol \hbar on input line 98.
LaTeX Font Info:    Overwriting math alphabet `\mathfrak' in version `bold'
(Font)                  U/euf/m/n --> U/euf/b/n on input line 106.
)) (c:/Users/Claire.Rosemond/AppData/Roaming/TinyTeX/texmf-dist/tex/generic/iftex/iftex.sty
Package: iftex 2024/12/12 v1.0g TeX engine tests
) (c:/Users/Claire.Rosemond/AppData/Roaming/TinyTeX/texmf-dist/tex/latex/unicode-math/unicode-math.sty (c:/Users/Claire.Rosemond/AppData/Roaming/TinyTeX/texmf-dist/tex/latex/l3kernel/expl3.sty
Package: expl3 2026-01-19 L3 programming layer (loader) 
)
Package: unicode-math 2023/08/13 v0.8r Unicode maths in XeLaTeX and LuaLaTeX
(c:/Users/Claire.Rosemond/AppData/Roaming/TinyTeX/texmf-dist/tex/latex/unicode-math/unicode-math-luatex.sty
Package: unicode-math-luatex 2023/08/13 v0.8r Unicode maths in XeLaTeX and LuaLaTeX
(c:/Users/Claire.Rosemond/AppData/Roaming/TinyTeX/texmf-dist/tex/latex/l3packages/xparse/xparse.sty
Package: xparse 2025-10-09 L3 Experimental document command parser
) (c:/Users/Claire.Rosemond/AppData/Roaming/TinyTeX/texmf-dist/tex/latex/l3packages/l3keys2e/l3keys2e.sty
Package: l3keys2e 2025-10-09 LaTeX2e option processing using LaTeX3 keys
) (c:/Users/Claire.Rosemond/AppData/Roaming/TinyTeX/texmf-dist/tex/latex/fontspec/fontspec.sty
Package: fontspec 2025/09/29 v2.9g Font selection for XeLaTeX and LuaLaTeX
Lua module: fontspec 2025/09/29 v2.9g Font selection for XeLaTeX and LuaLaTeX (c:/Users/Claire.Rosemond/AppData/Roaming/TinyTeX/texmf-dist/tex/latex/fontspec/fontspec-luatex.sty
Package: fontspec-luatex 2025/09/29 v2.9g Font selection for XeLaTeX and LuaLaTeX
\l__fontspec_script_int=\count330
\l__fontspec_language_int=\count331
\l__fontspec_strnum_int=\count332
\l__fontspec_tmp_int=\count333
\l__fontspec_tmpa_int=\count334
\l__fontspec_tmpb_int=\count335
\l__fontspec_tmpc_int=\count336
\l__fontspec_em_int=\count337
\l__fontspec_emdef_int=\count338
\l__fontspec_strong_int=\count339
\l__fontspec_strongdef_int=\count340
\l__fontspec_tmpa_dim=\dimen161
\l__fontspec_tmpb_dim=\dimen162
\l__fontspec_tmpc_dim=\dimen163
(c:/Users/Claire.Rosemond/AppData/Roaming/TinyTeX/texmf-dist/tex/latex/base/fontenc.sty
Package: fontenc 2025/07/18 v2.1d Standard LaTeX package
) (c:/Users/Claire.Rosemond/AppData/Roaming/TinyTeX/texmf-dist/tex/latex/fontspec/fontspec.cfg))) (c:/Users/Claire.Rosemond/AppData/Roaming/TinyTeX/texmf-dist/tex/latex/base/fix-cm.sty
Package: fix-cm 2020/11/24 v1.1t fixes to LaTeX
(c:/Users/Claire.Rosemond/AppData/Roaming/TinyTeX/texmf-dist/tex/latex/base/ts1enc.def
File: ts1enc.def 2001/06/05 v3.0e (jk/car/fm) Standard LaTeX file
LaTeX Font Info:    Redeclaring font encoding TS1 on input line 47.
LaTeX Encoding Info:    Redeclaring text command \capitalcedilla (encoding TS1) on input line 49.
LaTeX Encoding Info:    Redeclaring text command \capitalogonek (encoding TS1) on input line 52.
LaTeX Encoding Info:    Redeclaring text command \capitalgrave (encoding TS1) on input line 55.
LaTeX Encoding Info:    Redeclaring text command \capitalacute (encoding TS1) on input line 56.
LaTeX Encoding Info:    Redeclaring text command \capitalcircumflex (encoding TS1) on input line 57.
LaTeX Encoding Info:    Redeclaring text command \capitaltilde (encoding TS1) on input line 58.
LaTeX Encoding Info:    Redeclaring text command \capitaldieresis (encoding TS1) on input line 59.
LaTeX Encoding Info:    Redeclaring text command \capitalhungarumlaut (encoding TS1) on input line 60.
LaTeX Encoding Info:    Redeclaring text command \capitalring (encoding TS1) on input line 61.
LaTeX Encoding Info:    Redeclaring text command \capitalcaron (encoding TS1) on input line 62.
LaTeX Encoding Info:    Redeclaring text command \capitalbreve (encoding TS1) on input line 63.
LaTeX Encoding Info:    Redeclaring text command \capitalmacron (encoding TS1) on input line 64.
LaTeX Encoding Info:    Redeclaring text command \capitaldotaccent (encoding TS1) on input line 65.
LaTeX Encoding Info:    Redeclaring text command \t (encoding TS1) on input line 66.
LaTeX Encoding Info:    Redeclaring text command \capitaltie (encoding TS1) on input line 67.
LaTeX Encoding Info:    Redeclaring text command \newtie (encoding TS1) on input line 68.
LaTeX Encoding Info:    Redeclaring text command \capitalnewtie (encoding TS1) on input line 69.
LaTeX Encoding Info:    Redeclaring text symbol \textcapitalcompwordmark (encoding TS1) on input line 70.
LaTeX Encoding Info:    Redeclaring text symbol \textascendercompwordmark (encoding TS1) on input line 71.
LaTeX Encoding Info:    Redeclaring text symbol \textquotestraightbase (encoding TS1) on input line 72.
LaTeX Encoding Info:    Redeclaring text symbol \textquotestraightdblbase (encoding TS1) on input line 73.
LaTeX Encoding Info:    Redeclaring text symbol \texttwelveudash (encoding TS1) on input line 74.
LaTeX Encoding Info:    Redeclaring text symbol \textthreequartersemdash (encoding TS1) on input line 75.
LaTeX Encoding Info:    Redeclaring text symbol \textleftarrow (encoding TS1) on input line 76.
LaTeX Encoding Info:    Redeclaring text symbol \textrightarrow (encoding TS1) on input line 77.
LaTeX Encoding Info:    Redeclaring text symbol \textblank (encoding TS1) on input line 78.
LaTeX Encoding Info:    Redeclaring text symbol \textdollar (encoding TS1) on input line 79.
LaTeX Encoding Info:    Redeclaring text symbol \textquotesingle (encoding TS1) on input line 80.
LaTeX Encoding Info:    Redeclaring text command \textasteriskcentered (encoding TS1) on input line 81.
LaTeX Encoding Info:    Redeclaring text symbol \textdblhyphen (encoding TS1) on input line 92.
LaTeX Encoding Info:    Redeclaring text symbol \textfractionsolidus (encoding TS1) on input line 93.
LaTeX Encoding Info:    Redeclaring text symbol \textzerooldstyle (encoding TS1) on input line 94.
LaTeX Encoding Info:    Redeclaring text symbol \textoneoldstyle (encoding TS1) on input line 95.
LaTeX Encoding Info:    Redeclaring text symbol \texttwooldstyle (encoding TS1) on input line 96.
LaTeX Encoding Info:    Redeclaring text symbol \textthreeoldstyle (encoding TS1) on input line 97.
LaTeX Encoding Info:    Redeclaring text symbol \textfouroldstyle (encoding TS1) on input line 98.
LaTeX Encoding Info:    Redeclaring text symbol \textfiveoldstyle (encoding TS1) on input line 99.
LaTeX Encoding Info:    Redeclaring text symbol \textsixoldstyle (encoding TS1) on input line 100.
LaTeX Encoding Info:    Redeclaring text symbol \textsevenoldstyle (encoding TS1) on input line 101.
LaTeX Encoding Info:    Redeclaring text symbol \texteightoldstyle (encoding TS1) on input line 102.
LaTeX Encoding Info:    Redeclaring text symbol \textnineoldstyle (encoding TS1) on input line 103.
LaTeX Encoding Info:    Redeclaring text symbol \textlangle (encoding TS1) on input line 104.
LaTeX Encoding Info:    Redeclaring text symbol \textminus (encoding TS1) on input line 105.
LaTeX Encoding Info:    Redeclaring text symbol \textrangle (encoding TS1) on input line 106.
LaTeX Encoding Info:    Redeclaring text symbol \textmho (encoding TS1) on input line 107.
LaTeX Encoding Info:    Redeclaring text symbol \textbigcircle (encoding TS1) on input line 108.
LaTeX Encoding Info:    Redeclaring text command \textcircled (encoding TS1) on input line 109.
LaTeX Encoding Info:    Redeclaring text symbol \textohm (encoding TS1) on input line 115.
LaTeX Encoding Info:    Redeclaring text symbol \textlbrackdbl (encoding TS1) on input line 116.
LaTeX Encoding Info:    Redeclaring text symbol \textrbrackdbl (encoding TS1) on input line 117.
LaTeX Encoding Info:    Redeclaring text symbol \textuparrow (encoding TS1) on input line 118.
LaTeX Encoding Info:    Redeclaring text symbol \textdownarrow (encoding TS1) on input line 119.
LaTeX Encoding Info:    Redeclaring text symbol \textasciigrave (encoding TS1) on input line 120.
LaTeX Encoding Info:    Redeclaring text symbol \textborn (encoding TS1) on input line 121.
LaTeX Encoding Info:    Redeclaring text symbol \textdivorced (encoding TS1) on input line 122.
LaTeX Encoding Info:    Redeclaring text symbol \textdied (encoding TS1) on input line 123.
LaTeX Encoding Info:    Redeclaring text symbol \textleaf (encoding TS1) on input line 124.
LaTeX Encoding Info:    Redeclaring text symbol \textmarried (encoding TS1) on input line 125.
LaTeX Encoding Info:    Redeclaring text symbol \textmusicalnote (encoding TS1) on input line 126.
LaTeX Encoding Info:    Redeclaring text symbol \texttildelow (encoding TS1) on input line 127.
LaTeX Encoding Info:    Redeclaring text symbol \textdblhyphenchar (encoding TS1) on input line 128.
LaTeX Encoding Info:    Redeclaring text symbol \textasciibreve (encoding TS1) on input line 129.
LaTeX Encoding Info:    Redeclaring text symbol \textasciicaron (encoding TS1) on input line 130.
LaTeX Encoding Info:    Redeclaring text symbol \textacutedbl (encoding TS1) on input line 131.
LaTeX Encoding Info:    Redeclaring text symbol \textgravedbl (encoding TS1) on input line 132.
LaTeX Encoding Info:    Redeclaring text symbol \textdagger (encoding TS1) on input line 133.
LaTeX Encoding Info:    Redeclaring text symbol \textdaggerdbl (encoding TS1) on input line 134.
LaTeX Encoding Info:    Redeclaring text symbol \textbardbl (encoding TS1) on input line 135.
LaTeX Encoding Info:    Redeclaring text symbol \textperthousand (encoding TS1) on input line 136.
LaTeX Encoding Info:    Redeclaring text symbol \textbullet (encoding TS1) on input line 137.
LaTeX Encoding Info:    Redeclaring text symbol \textcelsius (encoding TS1) on input line 138.
LaTeX Encoding Info:    Redeclaring text symbol \textdollaroldstyle (encoding TS1) on input line 139.
LaTeX Encoding Info:    Redeclaring text symbol \textcentoldstyle (encoding TS1) on input line 140.
LaTeX Encoding Info:    Redeclaring text symbol \textflorin (encoding TS1) on input line 141.
LaTeX Encoding Info:    Redeclaring text symbol \textcolonmonetary (encoding TS1) on input line 142.
LaTeX Encoding Info:    Redeclaring text symbol \textwon (encoding TS1) on input line 143.
LaTeX Encoding Info:    Redeclaring text symbol \textnaira (encoding TS1) on input line 144.
LaTeX Encoding Info:    Redeclaring text symbol \textguarani (encoding TS1) on input line 145.
LaTeX Encoding Info:    Redeclaring text symbol \textpeso (encoding TS1) on input line 146.
LaTeX Encoding Info:    Redeclaring text symbol \textlira (encoding TS1) on input line 147.
LaTeX Encoding Info:    Redeclaring text symbol \textrecipe (encoding TS1) on input line 148.
LaTeX Encoding Info:    Redeclaring text symbol \textinterrobang (encoding TS1) on input line 149.
LaTeX Encoding Info:    Redeclaring text symbol \textinterrobangdown (encoding TS1) on input line 150.
LaTeX Encoding Info:    Redeclaring text symbol \textdong (encoding TS1) on input line 151.
LaTeX Encoding Info:    Redeclaring text symbol \texttrademark (encoding TS1) on input line 152.
LaTeX Encoding Info:    Redeclaring text symbol \textpertenthousand (encoding TS1) on input line 153.
LaTeX Encoding Info:    Redeclaring text symbol \textpilcrow (encoding TS1) on input line 154.
LaTeX Encoding Info:    Redeclaring text symbol \textbaht (encoding TS1) on input line 155.
LaTeX Encoding Info:    Redeclaring text symbol \textnumero (encoding TS1) on input line 156.
LaTeX Encoding Info:    Redeclaring text symbol \textdiscount (encoding TS1) on input line 157.
LaTeX Encoding Info:    Redeclaring text symbol \textestimated (encoding TS1) on input line 158.
LaTeX Encoding Info:    Redeclaring text symbol \textopenbullet (encoding TS1) on input line 159.
LaTeX Encoding Info:    Redeclaring text symbol \textservicemark (encoding TS1) on input line 160.
LaTeX Encoding Info:    Redeclaring text symbol \textlquill (encoding TS1) on input line 161.
LaTeX Encoding Info:    Redeclaring text symbol \textrquill (encoding TS1) on input line 162.
LaTeX Encoding Info:    Redeclaring text symbol \textcent (encoding TS1) on input line 163.
LaTeX Encoding Info:    Redeclaring text symbol \textsterling (encoding TS1) on input line 164.
LaTeX Encoding Info:    Redeclaring text symbol \textcurrency (encoding TS1) on input line 165.
LaTeX Encoding Info:    Redeclaring text symbol \textyen (encoding TS1) on input line 166.
LaTeX Encoding Info:    Redeclaring text symbol \textbrokenbar (encoding TS1) on input line 167.
LaTeX Encoding Info:    Redeclaring text symbol \textsection (encoding TS1) on input line 168.
LaTeX Encoding Info:    Redeclaring text symbol \textasciidieresis (encoding TS1) on input line 169.
LaTeX Encoding Info:    Redeclaring text symbol \textcopyright (encoding TS1) on input line 170.
LaTeX Encoding Info:    Redeclaring text symbol \textordfeminine (encoding TS1) on input line 171.
LaTeX Encoding Info:    Redeclaring text symbol \textcopyleft (encoding TS1) on input line 172.
LaTeX Encoding Info:    Redeclaring text symbol \textlnot (encoding TS1) on input line 173.
LaTeX Encoding Info:    Redeclaring text symbol \textcircledP (encoding TS1) on input line 174.
LaTeX Encoding Info:    Redeclaring text symbol \textregistered (encoding TS1) on input line 175.
LaTeX Encoding Info:    Redeclaring text symbol \textasciimacron (encoding TS1) on input line 176.
LaTeX Encoding Info:    Redeclaring text symbol \textdegree (encoding TS1) on input line 177.
LaTeX Encoding Info:    Redeclaring text symbol \textpm (encoding TS1) on input line 178.
LaTeX Encoding Info:    Redeclaring text symbol \texttwosuperior (encoding TS1) on input line 179.
LaTeX Encoding Info:    Redeclaring text symbol \textthreesuperior (encoding TS1) on input line 180.
LaTeX Encoding Info:    Redeclaring text symbol \textasciiacute (encoding TS1) on input line 181.
LaTeX Encoding Info:    Redeclaring text symbol \textmu (encoding TS1) on input line 182.
LaTeX Encoding Info:    Redeclaring text symbol \textparagraph (encoding TS1) on input line 183.
LaTeX Encoding Info:    Redeclaring text symbol \textperiodcentered (encoding TS1) on input line 184.
LaTeX Encoding Info:    Redeclaring text symbol \textreferencemark (encoding TS1) on input line 185.
LaTeX Encoding Info:    Redeclaring text symbol \textonesuperior (encoding TS1) on input line 186.
LaTeX Encoding Info:    Redeclaring text symbol \textordmasculine (encoding TS1) on input line 187.
LaTeX Encoding Info:    Redeclaring text symbol \textsurd (encoding TS1) on input line 188.
LaTeX Encoding Info:    Redeclaring text symbol \textonequarter (encoding TS1) on input line 189.
LaTeX Encoding Info:    Redeclaring text symbol \textonehalf (encoding TS1) on input line 190.
LaTeX Encoding Info:    Redeclaring text symbol \textthreequarters (encoding TS1) on input line 191.
LaTeX Encoding Info:    Redeclaring text symbol \texteuro (encoding TS1) on input line 192.
LaTeX Encoding Info:    Redeclaring text symbol \texttimes (encoding TS1) on input line 193.
LaTeX Encoding Info:    Redeclaring text symbol \textdiv (encoding TS1) on input line 194.
)) (c:/Users/Claire.Rosemond/AppData/Roaming/TinyTeX/texmf-dist/tex/lualatex/lualatex-math/lualatex-math.sty
Package: lualatex-math 2022/01/01 v1.12 Patches for mathematics typesetting with LuaLaTeX
(c:/Users/Claire.Rosemond/AppData/Roaming/TinyTeX/texmf-dist/tex/latex/etoolbox/etoolbox.sty
Package: etoolbox 2025/10/02 v2.5m e-TeX tools for LaTeX (JAW)
\etb@tempcnta=\count341
)
Lua module: lualatex-math 2013/08/03 v1.3 Patches for mathematics typesetting with LuaLaTeX)
\g__um_fam_int=\count342
\g__um_fonts_used_int=\count343
\l__um_primecount_int=\count344
\g__um_primekern_muskip=\muskip18
(c:/Users/Claire.Rosemond/AppData/Roaming/TinyTeX/texmf-dist/tex/latex/unicode-math/unicode-math-table.tex))) (c:/Users/Claire.Rosemond/AppData/Roaming/TinyTeX/texmf-dist/tex/latex/latex-lab/latex-lab-unicode-math.ltx
File: latex-lab-unicode-math.ltx 2025-06-30 v0.1e unicode-mathadaptions
LaTeX Info: Redefining \frac on input line 93.
) (c:/Users/Claire.Rosemond/AppData/Roaming/TinyTeX/texmf-dist/tex/latex/lm/lmodern.sty
Package: lmodern 2015/05/01 v1.6.1 Latin Modern Fonts
LaTeX Font Info:    Overwriting symbol font `operators' in version `normal'
(Font)                  OT1/cmr/m/n --> OT1/lmr/m/n on input line 22.
LaTeX Font Info:    Overwriting symbol font `letters' in version `normal'
(Font)                  OML/cmm/m/it --> OML/lmm/m/it on input line 23.
LaTeX Font Info:    Overwriting symbol font `symbols' in version `normal'
(Font)                  OMS/cmsy/m/n --> OMS/lmsy/m/n on input line 24.
LaTeX Font Info:    Overwriting symbol font `largesymbols' in version `normal'
(Font)                  OMX/cmex/m/n --> OMX/lmex/m/n on input line 25.
LaTeX Font Info:    Overwriting symbol font `operators' in version `bold'
(Font)                  OT1/cmr/bx/n --> OT1/lmr/bx/n on input line 26.
LaTeX Font Info:    Overwriting symbol font `letters' in version `bold'
(Font)                  OML/cmm/b/it --> OML/lmm/b/it on input line 27.
LaTeX Font Info:    Overwriting symbol font `symbols' in version `bold'
(Font)                  OMS/cmsy/b/n --> OMS/lmsy/b/n on input line 28.
LaTeX Font Info:    Overwriting symbol font `largesymbols' in version `bold'
(Font)                  OMX/cmex/m/n --> OMX/lmex/m/n on input line 29.
LaTeX Font Info:    Overwriting math alphabet `\mathbf' in version `normal'
(Font)                  OT1/cmr/bx/n --> OT1/lmr/bx/n on input line 31.
LaTeX Font Info:    Overwriting math alphabet `\mathsf' in version `normal'
(Font)                  OT1/cmss/m/n --> OT1/lmss/m/n on input line 32.
LaTeX Font Info:    Overwriting math alphabet `\mathit' in version `normal'
(Font)                  OT1/cmr/m/it --> OT1/lmr/m/it on input line 33.
LaTeX Font Info:    Overwriting math alphabet `\mathtt' in version `normal'
(Font)                  OT1/cmtt/m/n --> OT1/lmtt/m/n on input line 34.
LaTeX Font Info:    Overwriting math alphabet `\mathbf' in version `bold'
(Font)                  OT1/cmr/bx/n --> OT1/lmr/bx/n on input line 35.
LaTeX Font Info:    Overwriting math alphabet `\mathsf' in version `bold'
(Font)                  OT1/cmss/bx/n --> OT1/lmss/bx/n on input line 36.
LaTeX Font Info:    Overwriting math alphabet `\mathit' in version `bold'
(Font)                  OT1/cmr/bx/it --> OT1/lmr/bx/it on input line 37.
LaTeX Font Info:    Overwriting math alphabet `\mathtt' in version `bold'
(Font)                  OT1/cmtt/m/n --> OT1/lmtt/m/n on input line 38.
)
luaotfload | cache : Lookup cache loaded from C:/Users/Claire.Rosemond/AppData/Roaming/TinyTeX/texmf-var/luatex-cache/generic/names/luaotfload-lookup-cache.luc.

Package fontspec Info: 
(fontspec)             Latin Modern Sans scale = 0.9707163010643308.


Package fontspec Info: 
(fontspec)             Latin Modern Sans scale = 1.


Package fontspec Info: 
(fontspec)             Latin Modern Sans scale = 0.9707163010643308.


Package fontspec Info: 
(fontspec)             Latin Modern Sans scale = 1.


Package fontspec Info: 
(fontspec)             Latin Modern Sans/B scale = 0.941043990458295.


Package fontspec Info: 
(fontspec)             Latin Modern Sans/B scale = 1.


Package fontspec Info: 
(fontspec)             Latin Modern Sans/I scale = 0.9707163010643308.


Package fontspec Info: 
(fontspec)             Latin Modern Sans/I scale = 1.


Package fontspec Info: 
(fontspec)             Latin Modern Sans/BI scale = 0.941043990458295.


Package fontspec Info: 
(fontspec)             Latin Modern Sans/BI scale = 1.


Package fontspec Info: 
(fontspec)             Font family 'LatinModernSans(0)' created for font
(fontspec)             'Latin Modern Sans' with options
(fontspec)             [Scale=MatchLowercase,Ligatures=TeX,Scale=1].
(fontspec)              
(fontspec)              This font family consists of the following NFSS
(fontspec)             series/shapes:
(fontspec)              
(fontspec)             - 'normal' (m/n) with NFSS spec.: <->s*[1]"name:Latin
(fontspec)             Modern Sans:mode=node;script=latn;language=dflt;+tlig;"
(fontspec)             - 'bold' (b/n) with NFSS spec.: <->s*[1]"name:Latin
(fontspec)             Modern
(fontspec)             Sans/B:mode=node;script=latn;language=dflt;+tlig;"
(fontspec)             - 'italic' (m/it) with NFSS spec.: <->s*[1]"name:Latin
(fontspec)             Modern
(fontspec)             Sans/I:mode=node;script=latn;language=dflt;+tlig;"
(fontspec)             - 'bold italic' (b/it) with NFSS spec.:
(fontspec)             <->s*[1]"name:Latin Modern
(fontspec)             Sans/BI:mode=node;script=latn;language=dflt;+tlig;"

LaTeX Font Info:    Font shape `TU/LatinModernSans(0)/m/n' will be
(Font)              scaled to size 10.0pt on input line 28.

Package fontspec Info: 
(fontspec)             Latin Modern Sans scale = 0.9999965633494972.


Package fontspec Info: 
(fontspec)             Latin Modern Sans scale = 0.9999965633494972.


Package fontspec Info: 
(fontspec)             Latin Modern Sans/B scale = 0.9694292301336638.


Package fontspec Info: 
(fontspec)             Latin Modern Sans/I scale = 0.9999965633494972.


Package fontspec Info: 
(fontspec)             Latin Modern Sans/BI scale = 0.9694292301336638.


Package fontspec Info: 
(fontspec)             Font family 'LatinModernSans(1)' created for font
(fontspec)             'Latin Modern Sans' with options
(fontspec)             [Scale=MatchLowercase,Renderer=Basic].
(fontspec)              
(fontspec)              This font family consists of the following NFSS
(fontspec)             series/shapes:
(fontspec)              
(fontspec)             - 'normal' (m/n) with NFSS spec.:
(fontspec)             <->s*[0.9999965633494972]"name:Latin Modern
(fontspec)             Sans:mode=base;script=latn;language=dflt;"
(fontspec)             - 'bold' (b/n) with NFSS spec.:
(fontspec)             <->s*[0.9694292301336638]"name:Latin Modern
(fontspec)             Sans/B:mode=base;script=latn;language=dflt;"
(fontspec)             - 'italic' (m/it) with NFSS spec.:
(fontspec)             <->s*[0.9999965633494972]"name:Latin Modern
(fontspec)             Sans/I:mode=base;script=latn;language=dflt;"
(fontspec)             - 'bold italic' (b/it) with NFSS spec.:
(fontspec)             <->s*[0.9694292301336638]"name:Latin Modern
(fontspec)             Sans/BI:mode=base;script=latn;language=dflt;"

LaTeX Font Info:    Overwriting math alphabet `\mathrm' in version `normal'
(Font)                  OT1/lmr/m/n --> TU/LatinModernSans(1)/m/n on input line 28.
LaTeX Font Info:    Overwriting math alphabet `\mathit' in version `normal'
(Font)                  OT1/lmr/m/it --> TU/LatinModernSans(1)/m/it on input line 28.
LaTeX Font Info:    Overwriting math alphabet `\mathbf' in version `normal'
(Font)                  OT1/lmr/bx/n --> TU/LatinModernSans(1)/b/n on input line 28.

Package fontspec Info: 
(fontspec)             Latin Modern Sans scale = 0.9999965633494972.


Package fontspec Info: 
(fontspec)             Latin Modern Sans scale = 0.9999965633494972.


Package fontspec Info: 
(fontspec)             Latin Modern Sans/B scale = 0.9694292301336638.


Package fontspec Info: 
(fontspec)             Latin Modern Sans/I scale = 0.9999965633494972.


Package fontspec Info: 
(fontspec)             Latin Modern Sans/BI scale = 0.9694292301336638.


Package fontspec Info: 
(fontspec)             Font family 'LatinModernSans(2)' created for font
(fontspec)             'Latin Modern Sans' with options
(fontspec)             [Scale=MatchLowercase,Ligatures=TeX].
(fontspec)              
(fontspec)              This font family consists of the following NFSS
(fontspec)             series/shapes:
(fontspec)              
(fontspec)             - 'normal' (m/n) with NFSS spec.:
(fontspec)             <->s*[0.9999965633494972]"name:Latin Modern
(fontspec)             Sans:mode=node;script=latn;language=dflt;+tlig;"
(fontspec)             - 'bold' (b/n) with NFSS spec.:
(fontspec)             <->s*[0.9694292301336638]"name:Latin Modern
(fontspec)             Sans/B:mode=node;script=latn;language=dflt;+tlig;"
(fontspec)             - 'italic' (m/it) with NFSS spec.:
(fontspec)             <->s*[0.9999965633494972]"name:Latin Modern
(fontspec)             Sans/I:mode=node;script=latn;language=dflt;+tlig;"
(fontspec)             - 'bold italic' (b/it) with NFSS spec.:
(fontspec)             <->s*[0.9694292301336638]"name:Latin Modern
(fontspec)             Sans/BI:mode=node;script=latn;language=dflt;+tlig;"


Package fontspec Info: 
(fontspec)             Latin Modern Sans scale = 0.9999965633494972.

LaTeX Font Info:    Overwriting math alphabet `\mathsf' in version `normal'
(Font)                  OT1/lmss/m/n --> TU/LatinModernSans(1)/m/n on input line 29.
LaTeX Font Info:    Overwriting math alphabet `\mathsf' in version `bold'
(Font)                  OT1/lmss/bx/n --> TU/LatinModernSans(1)/b/n on input line 29.
(c:/Users/Claire.Rosemond/AppData/Roaming/TinyTeX/texmf-dist/tex/latex/upquote/upquote.sty
Package: upquote 2012/04/19 v1.3 upright-quote and grave-accent glyphs in verbatim
(c:/Users/Claire.Rosemond/AppData/Roaming/TinyTeX/texmf-dist/tex/latex/base/textcomp.sty
Package: textcomp 2024/04/24 v2.1b Standard LaTeX package
)) (c:/Users/Claire.Rosemond/AppData/Roaming/TinyTeX/texmf-dist/tex/latex/parskip/parskip.sty
Package: parskip 2021-03-14 v2.0h non-zero parskip adjustments
(c:/Users/Claire.Rosemond/AppData/Roaming/TinyTeX/texmf-dist/tex/latex/kvoptions/kvoptions.sty
Package: kvoptions 2022-06-15 v3.15 Key value format for package options (HO)
(c:/Users/Claire.Rosemond/AppData/Roaming/TinyTeX/texmf-dist/tex/latex/graphics/keyval.sty
Package: keyval 2022/05/29 v1.15 key=value parser (DPC)
\KV@toks@=\toks23
) (c:/Users/Claire.Rosemond/AppData/Roaming/TinyTeX/texmf-dist/tex/generic/ltxcmds/ltxcmds.sty
Package: ltxcmds 2023-12-04 v1.26 LaTeX kernel commands for general use (HO)
) (c:/Users/Claire.Rosemond/AppData/Roaming/TinyTeX/texmf-dist/tex/latex/kvsetkeys/kvsetkeys.sty
Package: kvsetkeys 2022-10-05 v1.19 Key value parser (HO)
))
Couldn't patch \@startsection
) (c:/Users/Claire.Rosemond/AppData/Roaming/TinyTeX/texmf-dist/tex/latex/tools/longtable.sty
Package: longtable 2025-10-13 v4.24 Multi-page Table package (DPC)
\LTleft=\skip63
\LTright=\skip64
\LTpre=\skip65
\LTpost=\skip66
\LTchunksize=\count345
\LTcapwidth=\dimen164
\LT@head=\box64
\LT@firsthead=\box65
\LT@foot=\box66
\LT@lastfoot=\box67
\LT@gbox=\box68
\LT@cols=\count346
\LT@rows=\count347
\c@LT@tables=\count348
\c@LT@chunks=\count349
\LT@p@ftn=\toks24
) (c:/Users/Claire.Rosemond/AppData/Roaming/TinyTeX/texmf-dist/tex/latex/booktabs/booktabs.sty
Package: booktabs 2020/01/12 v1.61803398 Publication quality tables
\heavyrulewidth=\dimen165
\lightrulewidth=\dimen166
\cmidrulewidth=\dimen167
\belowrulesep=\dimen168
\belowbottomsep=\dimen169
\aboverulesep=\dimen170
\abovetopsep=\dimen171
\cmidrulesep=\dimen172
\cmidrulekern=\dimen173
\defaultaddspace=\dimen174
\@cmidla=\count350
\@cmidlb=\count351
\@aboverulesep=\dimen175
\@belowrulesep=\dimen176
\@thisruleclass=\count352
\@lastruleclass=\count353
\@thisrulewidth=\dimen177
) (c:/Users/Claire.Rosemond/AppData/Roaming/TinyTeX/texmf-dist/tex/latex/tools/calc.sty
Package: calc 2025/03/01 v4.3b Infix arithmetic (KKT,FJ)
\calc@Acount=\count354
\calc@Bcount=\count355
\calc@Adimen=\dimen178
\calc@Bdimen=\dimen179
\calc@Askip=\skip67
\calc@Bskip=\skip68
LaTeX Info: Redefining \setlength on input line 86.
LaTeX Info: Redefining \addtolength on input line 87.
\calc@Ccount=\count356
\calc@Cskip=\skip69
) (c:/Users/Claire.Rosemond/AppData/Roaming/TinyTeX/texmf-dist/tex/latex/footnotehyper/footnotehyper.sty
Package: footnotehyper 2025/11/15 v1.1f hyperref aware footnote.sty (JFB)
\FNH@notes=\box69
\FNH@width=\dimen180
\FNH@toks=\toks25
) (c:/Users/Claire.Rosemond/AppData/Roaming/TinyTeX/texmf-dist/tex/latex/graphics/graphicx.sty
Package: graphicx 2024/12/31 v1.2e Enhanced LaTeX Graphics (DPC,SPQR)
(c:/Users/Claire.Rosemond/AppData/Roaming/TinyTeX/texmf-dist/tex/latex/graphics/graphics.sty
Package: graphics 2024/08/06 v1.4g Standard LaTeX Graphics (DPC,SPQR)
(c:/Users/Claire.Rosemond/AppData/Roaming/TinyTeX/texmf-dist/tex/latex/graphics/trig.sty
Package: trig 2023/12/02 v1.11 sin cos tan (DPC)
) (c:/Users/Claire.Rosemond/AppData/Roaming/TinyTeX/texmf-dist/tex/latex/graphics-cfg/graphics.cfg
File: graphics.cfg 2016/06/04 v1.11 sample graphics configuration
)
Package graphics Info: Driver file: luatex.def on input line 106.
)
\Gin@req@height=\dimen181
\Gin@req@width=\dimen182
)
\pandoc@box=\box70
\cslhangindent=\skip70
\csllabelwidth=\skip71
(c:/Users/Claire.Rosemond/AppData/Roaming/TinyTeX/texmf-dist/tex/generic/babel/babel.sty
Package: babel 2026/01/18 v26.1 The multilingual framework for LuaLaTeX, pdfLaTeX and XeLaTeX
(c:/Users/Claire.Rosemond/AppData/Roaming/TinyTeX/texmf-dist/tex/generic/babel/luababel.def
\bbl@readstream=\read2
\l@dumylang=\language2
Package babel Info: Non-standard hyphenation setup on input line 118.
\l@nohyphenation=\language3
\l@german-x-2024-02-28=\language4
\l@ngerman-x-2024-02-28=\language5
\l@afrikaans=\language6
\l@albanian=\language7
\l@ancientgreek=\language8
\l@ibycus=\language9
\l@arabic=\language10
\l@armenian=\language11
\l@basque=\language12
\l@belarusian=\language13
\l@bulgarian=\language14
\l@catalan=\language15
\l@pinyin=\language16
\l@churchslavonic=\language17
\l@coptic=\language18
\l@croatian=\language19
\l@czech=\language20
\l@danish=\language21
\l@dutch=\language22
\l@ukenglish=\language23
\l@usenglishmax=\language24
\l@esperanto=\language25
\l@estonian=\language26
\l@ethiopic=\language27
\l@farsi=\language28
\l@finnish=\language29
\l@schoolfinnish=\language30
\l@french=\language31
\l@friulan=\language32
\l@galician=\language33
\l@georgian=\language34
\l@german=\language35
\l@ngerman=\language36
\l@swissgerman=\language37
\l@greek=\language38
\l@monogreek=\language39
\l@hebrew=\language40
\l@hungarian=\language41
\l@icelandic=\language42
\l@assamese=\language43
\l@bengali=\language44
\l@gujarati=\language45
\l@hindi=\language46
\l@kannada=\language47
\l@malayalam=\language48
\l@marathi=\language49
\l@oriya=\language50
\l@pali=\language51
\l@panjabi=\language52
\l@tamil=\language53
\l@telugu=\language54
\l@indonesian=\language55
\l@interlingua=\language56
\l@irish=\language57
\l@italian=\language58
\l@kurmanji=\language59
\l@classiclatin=\language60
\l@latin=\language61
\l@liturgicallatin=\language62
\l@latvian=\language63
\l@lithuanian=\language64
\l@macedonian=\language65
\l@mongolian=\language66
\l@mongolianlmc=\language67
\l@bokmal=\language68
\l@nynorsk=\language69
\l@occitan=\language70
\l@piedmontese=\language71
\l@polish=\language72
\l@portuguese=\language73
\l@romanian=\language74
\l@romansh=\language75
\l@russian=\language76
\l@sanskrit=\language77
\l@serbian=\language78
\l@serbianc=\language79
\l@slovak=\language80
\l@slovenian=\language81
\l@spanish=\language82
\l@swedish=\language83
\l@thai=\language84
\l@turkish=\language85
\l@turkmen=\language86
\l@ukrainian=\language87
\l@uppersorbian=\language88
\l@vietnamese=\language89
\l@welsh=\language90
\babelcatcodetablenum=\catcodetable14
\bbl@pattcodes=\catcodetable15
)
\babel@savecnt=\count357
LaTeX Encoding Info:    Redeclaring text command \ij (encoding OT1) on input line 2078.
LaTeX Encoding Info:    Redeclaring text command \IJ (encoding OT1) on input line 2080.
LaTeX Encoding Info:    Redeclaring text command \ij (encoding T1) on input line 2082.
LaTeX Encoding Info:    Redeclaring text command \IJ (encoding T1) on input line 2083.
LaTeX Encoding Info:    Ignoring declaration for text command \ij (encoding ?) on input line 2084.
LaTeX Encoding Info:    Ignoring declaration for text command \IJ (encoding ?) on input line 2086.
LaTeX Encoding Info:    Ignoring declaration for text command \SS (encoding ?) on input line 2111.
\U@D=\dimen183
\l@unhyphenated=\language91
(c:/Users/Claire.Rosemond/AppData/Roaming/TinyTeX/texmf-dist/tex/generic/babel/luababel.def
\bbl@attr@locale=\attribute10
(c:/Users/Claire.Rosemond/AppData/Roaming/TinyTeX/texmf-dist/tex/luatex/luatexbase/luatexbase.sty
Package: luatexbase 2015/10/04 v1.3 luatexbase interface to LuaTeX 
(c:/Users/Claire.Rosemond/AppData/Roaming/TinyTeX/texmf-dist/tex/luatex/ctablestack/ctablestack.sty
Package: ctablestack 2015/10/01 v1.0 Catcode table stable support
\@catcodetablestackcnt=\count358
)
\CatcodeTableOther=\catcodetable16
\CatcodeTableExpl=\catcodetable17
)
Removing  `luaotfload.node_processor' from `pre_linebreak_filter'.
Removing  `markspaces' from `pre_linebreak_filter'.
Inserting `Babel.pre_otfload_v' in `pre_linebreak_filter'.
Inserting `luaotfload.node_processor' in `pre_linebreak_filter'.
Inserting `markspaces' in `pre_linebreak_filter'.
Removing  `luaotfload.node_processor' from `hpack_filter'.
Removing  `luaotfload.harf.finalize_hlist' from `hpack_filter'.
Removing  `markspaces' from `hpack_filter'.
Inserting `Babel.pre_otfload_h' in `hpack_filter'.
Inserting `luaotfload.node_processor' in `hpack_filter'.
Inserting `luaotfload.harf.finalize_hlist' in `hpack_filter'.
Inserting `markspaces' in `hpack_filter'.
\bbl@attr@dir=\attribute11
)
Package babel Info: Fetching locale name for tag en-us
(babel)             from babel-en-US.ini. Reported on input line 4184.
Package babel Info: Passing american to babel.
(babel)             This will be the main language except if
(babel)             explictly overriden with 'main='.
(babel)             Reported on input line 4192.
(c:/Users/Claire.Rosemond/AppData/Roaming/TinyTeX/texmf-dist/tex/generic/babel/locale/en/babel-english.tex) (c:/Users/Claire.Rosemond/AppData/Roaming/TinyTeX/texmf-dist/tex/generic/babel/locale/en/babel-american.tex)
Package babel Info: Importing font and identification data for english
(babel)             from babel-en.ini. Reported on input line 4330.
(c:/Users/Claire.Rosemond/AppData/Roaming/TinyTeX/texmf-dist/tex/generic/babel-english/english.ldf
Language: english 2017/06/06 v3.3r English support from the babel system
Package babel Info: Hyphen rules for 'canadian' set to \l@english
(babel)             (\language0). Reported on input line 102.
Package babel Info: Hyphen rules for 'australian' set to \l@ukenglish
(babel)             (\language23). Reported on input line 105.
Package babel Info: Hyphen rules for 'newzealand' set to \l@ukenglish
(babel)             (\language23). Reported on input line 108.
)
Package babel Info: Importing font and identification data for american
(babel)             from babel-en-US.ini. Reported on input line 4330.
(c:/Users/Claire.Rosemond/AppData/Roaming/TinyTeX/texmf-dist/tex/generic/babel-english/american.ldf
Language: american 2017/06/06 v3.3r English support from the babel system
(c:/Users/Claire.Rosemond/AppData/Roaming/TinyTeX/texmf-dist/tex/generic/babel-english/english.ldf
Language: english 2017/06/06 v3.3r English support from the babel system
)))

Package Babel Warning: The package option `english' should not be used
(Babel)                with a more specific one (like `american') on input line 134.


Package fontspec Info: 
(fontspec)             Language 'American English' not explicitly supported
(fontspec)             within font 'Latin Modern Sans' with script 'Latin'.
(fontspec)             Check the typeset output, and if it is okay then ignore
(fontspec)             this warning. Otherwise a different font should be
(fontspec)             chosen.


Package fontspec Info: 
(fontspec)             Latin Modern Sans scale = 0.9999965633494972.


Package fontspec Info: 
(fontspec)             Latin Modern Sans scale = 1.


Package fontspec Info: 
(fontspec)             Latin Modern Sans scale = 0.9999965633494972.


Package fontspec Info: 
(fontspec)             Latin Modern Sans scale = 1.


Package fontspec Info: 
(fontspec)             Latin Modern Sans/B scale = 0.9694292301336638.


Package fontspec Info: 
(fontspec)             Latin Modern Sans/B scale = 1.


Package fontspec Info: 
(fontspec)             Latin Modern Sans/I scale = 0.9999965633494972.


Package fontspec Info: 
(fontspec)             Latin Modern Sans/I scale = 1.


Package fontspec Info: 
(fontspec)             Latin Modern Sans/BI scale = 0.9694292301336638.


Package fontspec Info: 
(fontspec)             Latin Modern Sans/BI scale = 1.


Package fontspec Info: 
(fontspec)             Font family 'LatinModernSans(3)' created for font
(fontspec)             'Latin Modern Sans' with options
(fontspec)             [Scale=MatchLowercase,Ligatures=TeX,Scale=1,Script=Latin,Language=American
(fontspec)             English,RawFeature={family=rm}].
(fontspec)              
(fontspec)              This font family consists of the following NFSS
(fontspec)             series/shapes:
(fontspec)              
(fontspec)             - 'normal' (m/n) with NFSS spec.: <->s*[1]"name:Latin
(fontspec)             Modern
(fontspec)             Sans:mode=node;script=latn;language=ENG;+tlig;family=rm;"
(fontspec)             - 'bold' (b/n) with NFSS spec.: <->s*[1]"name:Latin
(fontspec)             Modern
(fontspec)             Sans/B:mode=node;script=latn;language=ENG;+tlig;family=rm;"
(fontspec)             - 'italic' (m/it) with NFSS spec.: <->s*[1]"name:Latin
(fontspec)             Modern
(fontspec)             Sans/I:mode=node;script=latn;language=ENG;+tlig;family=rm;"
(fontspec)             - 'bold italic' (b/it) with NFSS spec.:
(fontspec)             <->s*[1]"name:Latin Modern
(fontspec)             Sans/BI:mode=node;script=latn;language=ENG;+tlig;family=rm;"

LaTeX Font Info:    Font shape `TU/LatinModernSans(3)/m/n' will be
(Font)              scaled to size 10.0pt on input line 140.
(c:/Users/Claire.Rosemond/AppData/Roaming/TinyTeX/texmf-dist/tex/lualatex/selnolig/selnolig.sty
=== Package selnolig, Version 0.302, Date 2015/10/26 ===
Package: selnolig 2015/10/26
(c:/Users/Claire.Rosemond/AppData/Roaming/TinyTeX/texmf-dist/tex/generic/iftex/ifluatex.sty
Package: ifluatex 2019/10/25 v1.5 ifluatex legacy package. Use iftex instead.
)
Inserting `Suppress ligatures selectively' in `ligaturing'. (c:/Users/Claire.Rosemond/AppData/Roaming/TinyTeX/texmf-dist/tex/lualatex/selnolig/selnolig-english-patterns.sty
Package: selnolig-english-patterns 2015/10/26
) (c:/Users/Claire.Rosemond/AppData/Roaming/TinyTeX/texmf-dist/tex/lualatex/selnolig/selnolig-english-hyphex.sty
Package: selnolig-english-hyphex 2015/10/26
)) (c:/Users/Claire.Rosemond/AppData/Roaming/TinyTeX/texmf-dist/tex/latex/hyphenat/hyphenat.sty
Package: hyphenat 2009/09/02 v2.3c hyphenation utilities
\langwohyphens=\language92
LaTeX Info: Redefining \_ on input line 43.
) (c:/Users/Claire.Rosemond/AppData/Roaming/TinyTeX/texmf-dist/tex/latex/pdfcomment/pdfcomment.sty
Package: pdfcomment 2018/11/01 pdfcomment.sty v2.4a - Josef Kleber (C) 2008-2012, 2015-2016, 2018
(c:/Users/Claire.Rosemond/AppData/Roaming/TinyTeX/texmf-dist/tex/latex/xkeyval/xkeyval.sty
Package: xkeyval 2025/11/04 v2.10 package option processing (HA)
(c:/Users/Claire.Rosemond/AppData/Roaming/TinyTeX/texmf-dist/tex/generic/xkeyval/xkeyval.tex (c:/Users/Claire.Rosemond/AppData/Roaming/TinyTeX/texmf-dist/tex/generic/xkeyval/xkvutils.tex
\XKV@toks=\toks26
\XKV@tempa@toks=\toks27
\XKV@tempb@toks=\toks28
)
\XKV@depth=\count359
File: xkeyval.tex 2014/12/03 v2.7a key=value parser (HA)
))
\c@pc@count@i=\count360
\c@pc@count@ii=\count361
\c@pc@count@iii=\count362
\c@pc@count@iv=\count363
\pc@mathannot@box=\box71
\pc@nullbox=\box72
\pc@dima=\skip72
\pc@dimb=\skip73
\pc@Sposx=\skip74
\pc@Sposy=\skip75
\pc@Eposx=\skip76
\pc@Eposy=\skip77
\pc@column=\skip78
\pc@box@width=\skip79
\pc@box@height=\skip80
\pc@box@depth=\skip81
(c:/Users/Claire.Rosemond/AppData/Roaming/TinyTeX/texmf-dist/tex/generic/luatex85/luatex85.sty
Package: luatex85 2016/06/15 v1.4 pdftex aliases for luatex
) (c:/Users/Claire.Rosemond/AppData/Roaming/TinyTeX/texmf-dist/tex/latex/datetime2/datetime2.sty
Package: datetime2 2021/03/21 v1.5.7 (NLCT) date and time formats
(c:/Users/Claire.Rosemond/AppData/Roaming/TinyTeX/texmf-dist/tex/latex/tracklang/tracklang.sty
Package: tracklang 2025/03/11 v1.6.6 (NLCT) Track Languages
(c:/Users/Claire.Rosemond/AppData/Roaming/TinyTeX/texmf-dist/tex/generic/tracklang/tracklang.tex)
Package tracklang Info: Tracking dialect `english' (language `english') on input line 53.
) (c:/Users/Claire.Rosemond/AppData/Roaming/TinyTeX/texmf-dist/tex/latex/datetime2-english/datetime2-english.ldf
File: datetime2-english.ldf 2019/10/21 v1.05 (NLCT)
(c:/Users/Claire.Rosemond/AppData/Roaming/TinyTeX/texmf-dist/tex/latex/datetime2-english/datetime2-english-base.ldf
File: datetime2-english-base.ldf 2019/10/21 v1.05 (NLCT)
))) (c:/Users/Claire.Rosemond/AppData/Roaming/TinyTeX/texmf-dist/tex/latex/zref/zref-savepos.sty
Package: zref-savepos 2025-06-08 v2.36 Module savepos for zref (HO)
(c:/Users/Claire.Rosemond/AppData/Roaming/TinyTeX/texmf-dist/tex/latex/zref/zref-base.sty
Package: zref-base 2025-06-08 v2.36 Module base for zref (HO)
(c:/Users/Claire.Rosemond/AppData/Roaming/TinyTeX/texmf-dist/tex/generic/infwarerr/infwarerr.sty
Package: infwarerr 2019/12/03 v1.5 Providing info/warning/error messages (HO)
) (c:/Users/Claire.Rosemond/AppData/Roaming/TinyTeX/texmf-dist/tex/generic/kvdefinekeys/kvdefinekeys.sty
Package: kvdefinekeys 2019-12-19 v1.6 Define keys (HO)
) (c:/Users/Claire.Rosemond/AppData/Roaming/TinyTeX/texmf-dist/tex/generic/pdftexcmds/pdftexcmds.sty
Package: pdftexcmds 2020-06-27 v0.33 Utility functions of pdfTeX for LuaTeX (HO)
Package pdftexcmds Info: \pdf@primitive is available.
Package pdftexcmds Info: \pdf@ifprimitive is available.
Package pdftexcmds Info: \pdfdraftmode found.
\pdftexcmds@toks=\toks29
) (c:/Users/Claire.Rosemond/AppData/Roaming/TinyTeX/texmf-dist/tex/generic/etexcmds/etexcmds.sty
Package: etexcmds 2019/12/15 v1.7 Avoid name clashes with e-TeX commands (HO)
) (c:/Users/Claire.Rosemond/AppData/Roaming/TinyTeX/texmf-dist/tex/latex/auxhook/auxhook.sty
Package: auxhook 2019-12-17 v1.6 Hooks for auxiliary files (HO)
)
Package zref Info: New property list: main on input line 767.
Package zref Info: New property: default on input line 768.
Package zref Info: New property: page on input line 769.
)
Package zref Info: New property list: savepos on input line 56.
Package zref Info: New property: posx on input line 58.
Package zref Info: New property: posy on input line 59.
)
\c@zref@unique=\count364
(c:/Users/Claire.Rosemond/AppData/Roaming/TinyTeX/texmf-dist/tex/latex/refcount/refcount.sty
Package: refcount 2019/12/15 v3.6 Data extraction from label references (HO)
) (c:/Users/Claire.Rosemond/AppData/Roaming/TinyTeX/texmf-dist/tex/latex/base/ifthen.sty
Package: ifthen 2024/03/16 v1.1e Standard LaTeX ifthen package (DPC)
) (c:/Users/Claire.Rosemond/AppData/Roaming/TinyTeX/texmf-dist/tex/latex/marginnote/marginnote.sty
Package: marginnote 2026/01/02 1.4d non floating margin notes for LaTeX 
\c@mn@abspage=\count365
) (c:/Users/Claire.Rosemond/AppData/Roaming/TinyTeX/texmf-dist/tex/generic/iftex/ifpdf.sty
Package: ifpdf 2019/10/25 v3.4 ifpdf legacy package. Use iftex instead.
) (c:/Users/Claire.Rosemond/AppData/Roaming/TinyTeX/texmf-dist/tex/latex/soulpos/soulpos.sty
Package: soulpos 2021/10/15 v1.2 Fancy underlining
\ulp@subcnt=\count366
\ulp@cnt=\count367
\ulp@out=\write3
\ulp@in=\read3
\ulwidth=\dimen184
) (c:/Users/Claire.Rosemond/AppData/Roaming/TinyTeX/texmf-dist/tex/latex/hyperref/hyperref.sty
Package: hyperref 2025-07-12 v7.01o Hypertext links for LaTeX
(c:/Users/Claire.Rosemond/AppData/Roaming/TinyTeX/texmf-dist/tex/generic/pdfescape/pdfescape.sty
Package: pdfescape 2019/12/09 v1.15 Implements pdfTeX's escape features (HO)
) (c:/Users/Claire.Rosemond/AppData/Roaming/TinyTeX/texmf-dist/tex/latex/hycolor/hycolor.sty
Package: hycolor 2020-01-27 v1.10 Color options for hyperref/bookmark (HO)
) (c:/Users/Claire.Rosemond/AppData/Roaming/TinyTeX/texmf-dist/tex/latex/hyperref/nameref.sty
Package: nameref 2025-06-21 v2.57 Cross-referencing by name of section
(c:/Users/Claire.Rosemond/AppData/Roaming/TinyTeX/texmf-dist/tex/generic/gettitlestring/gettitlestring.sty
Package: gettitlestring 2019/12/15 v1.6 Cleanup title references (HO)
)
\c@section@level=\count368
) (c:/Users/Claire.Rosemond/AppData/Roaming/TinyTeX/texmf-dist/tex/generic/stringenc/stringenc.sty
Package: stringenc 2019/11/29 v1.12 Convert strings between diff. encodings (HO)
)
\@linkdim=\dimen185
\Hy@linkcounter=\count369
\Hy@pagecounter=\count370
(c:/Users/Claire.Rosemond/AppData/Roaming/TinyTeX/texmf-dist/tex/latex/hyperref/pd1enc.def
File: pd1enc.def 2025-07-12 v7.01o Hyperref: PDFDocEncoding definition (HO)
) (c:/Users/Claire.Rosemond/AppData/Roaming/TinyTeX/texmf-dist/tex/generic/intcalc/intcalc.sty
Package: intcalc 2019/12/15 v1.3 Expandable calculations with integers (HO)
)
\Hy@SavedSpaceFactor=\count371
(c:/Users/Claire.Rosemond/AppData/Roaming/TinyTeX/texmf-dist/tex/latex/hyperref/puenc.def
File: puenc.def 2025-07-12 v7.01o Hyperref: PDF Unicode definition (HO)
)
\pdfmajorversion=\count372
Package hyperref Info: Option `unicode' set `true' on input line 4066.
Package hyperref Info: Option `unicode' set `true' on input line 4066.
Package hyperref Info: Hyper figures OFF on input line 4195.
Package hyperref Info: Link nesting OFF on input line 4200.
Package hyperref Info: Hyper index ON on input line 4203.
Package hyperref Info: Plain pages OFF on input line 4210.
Package hyperref Info: Backreferencing OFF on input line 4215.
Package hyperref Info: Implicit mode ON; LaTeX internals redefined.
Package hyperref Info: Bookmarks ON on input line 4462.
\c@Hy@tempcnt=\count373
(c:/Users/Claire.Rosemond/AppData/Roaming/TinyTeX/texmf-dist/tex/latex/url/url.sty
\Urlmuskip=\muskip19
Package: url 2013/09/16  ver 3.4  Verb mode for urls, etc.
)
LaTeX Info: Redefining \url on input line 4801.
\XeTeXLinkMargin=\dimen186
(c:/Users/Claire.Rosemond/AppData/Roaming/TinyTeX/texmf-dist/tex/generic/bitset/bitset.sty
Package: bitset 2019/12/09 v1.3 Handle bit-vector datatype (HO)
(c:/Users/Claire.Rosemond/AppData/Roaming/TinyTeX/texmf-dist/tex/generic/bigintcalc/bigintcalc.sty
Package: bigintcalc 2019/12/15 v1.5 Expandable calculations on big integers (HO)
))
\Fld@menulength=\count374
\Field@Width=\dimen187
\Fld@charsize=\dimen188
Package hyperref Info: Hyper figures OFF on input line 6078.
Package hyperref Info: Link nesting OFF on input line 6083.
Package hyperref Info: Hyper index ON on input line 6086.
Package hyperref Info: backreferencing OFF on input line 6093.
Package hyperref Info: Link coloring OFF on input line 6098.
Package hyperref Info: Link coloring with OCG OFF on input line 6103.
Package hyperref Info: PDF/A mode OFF on input line 6108.
\Hy@abspage=\count375
\c@Item=\count376
)
Package hyperref Info: Driver (custom): hgeneric-testphase.
(c:/Users/Claire.Rosemond/AppData/Roaming/TinyTeX/texmf-dist/tex/latex/pdfmanagement-testphase/hgeneric-testphase.def
File: hgeneric-testphase.def 2025-11-12 v0.96x generic Hyperref driver for the LaTeX PDF management bundle
(c:/Users/Claire.Rosemond/AppData/Roaming/TinyTeX/texmf-dist/tex/latex/pdfmanagement-testphase/hyperref-colorschemes.def)
LaTeX Info: Redefining \href on input line 262.
LaTeX Info: Redefining \url on input line 348.
\l__hyp_tmpa_box=\box73
\l__hyp_tmpa_int=\count377
\l__hyp_dest_box=\box74
\g__hyp_linknestlevel_int=\count378
\HyAnn@Count=\count379
\Fld@listcount=\count380
\Hy@SectionHShift=\skip82
)
Package zref Info: New property list: pdfcomment on input line 2735.
Package zref Info: New property: PCPDFOBJID on input line 2736.
) (c:/Users/Claire.Rosemond/AppData/Roaming/TinyTeX/texmf-dist/tex/latex/wallpaper/wallpaper.sty
Package: wallpaper 2005/01/18, v1.01 easy wallpaper formatting (MHFW)
(c:/Users/Claire.Rosemond/AppData/Roaming/TinyTeX/texmf-dist/tex/latex/eso-pic/eso-pic.sty
Package: eso-pic 2025/12/10 v3.0d eso-pic (RN)
\ESO@tempdima=\dimen189
\ESO@tempdimb=\dimen190
)
\wpXoffset=\skip83
\wpYoffset=\skip84
\tileXoffset=\skip85
\tileYoffset=\skip86
\tilewidth=\skip87
\tileheight=\skip88
\tileX=\skip89
\tileY=\skip90
) (c:/Users/Claire.Rosemond/AppData/Roaming/TinyTeX/texmf-dist/tex/latex/geometry/geometry.sty
Package: geometry 2020/01/02 v5.9 Page Geometry
(c:/Users/Claire.Rosemond/AppData/Roaming/TinyTeX/texmf-dist/tex/generic/iftex/ifvtex.sty
Package: ifvtex 2019/10/25 v1.7 ifvtex legacy package. Use iftex instead.
)
\Gm@cnth=\count381
\Gm@cntv=\count382
\c@Gm@tempcnt=\count383
\Gm@bindingoffset=\dimen191
\Gm@wd@mp=\dimen192
\Gm@odd@mp=\dimen193
\Gm@even@mp=\dimen194
\Gm@layoutwidth=\dimen195
\Gm@layoutheight=\dimen196
\Gm@layouthoffset=\dimen197
\Gm@layoutvoffset=\dimen198
\Gm@dimlist=\toks30
) (c:/Users/Claire.Rosemond/AppData/Roaming/TinyTeX/texmf-dist/tex/latex/lastpage/lastpage.sty
Package: lastpage 2025/08/14 v2.1h lastpage: 2.09 or 2e? (HMM)
(c:/Users/Claire.Rosemond/AppData/Roaming/TinyTeX/texmf-dist/tex/latex/lastpage/lastpage2e.sty
Package: lastpage2e 2025/08/14 v2.1h Decide which 2e lastpage version to use (HMM)
(c:/Users/Claire.Rosemond/AppData/Roaming/TinyTeX/texmf-dist/tex/latex/lastpage/lastpagemodern.sty
Package: lastpagemodern 2025-08-14 v2.1h Refers to last page's name (HMM; JPG)
\c@lastpagecount=\count384
) 
)) (c:/Users/Claire.Rosemond/AppData/Roaming/TinyTeX/texmf-dist/tex/latex/base/fontenc.sty
Package: fontenc 2025/07/18 v2.1d Standard LaTeX package
LaTeX Font Info:    Trying to load font information for T1+LatinModernSans(3) on input line 116.
LaTeX Font Info:    No file T1LatinModernSans(3).fd. on input line 116.

LaTeX Font Warning: Font shape `T1/LatinModernSans(3)/m/n' undefined
(Font)              using `T1/cmr/m/n' instead on input line 116.

)

Package fontspec Info: 
(fontspec)             Latin Modern Sans scale = 0.9694791068832674.


Package fontspec Info: 
(fontspec)             Latin Modern Sans scale = 0.9694791068832674.


Package fontspec Info: 
(fontspec)             Latin Modern Sans/B scale = 0.9398446141339837.


Package fontspec Info: 
(fontspec)             Latin Modern Sans/I scale = 0.9694791068832674.


Package fontspec Info: 
(fontspec)             Latin Modern Sans/BI scale = 0.9398446141339837.


Package fontspec Info: 
(fontspec)             Font family 'LatinModernSans(4)' created for font
(fontspec)             'Latin Modern Sans' with options
(fontspec)             [Scale=MatchLowercase,Color=Black].
(fontspec)              
(fontspec)              This font family consists of the following NFSS
(fontspec)             series/shapes:
(fontspec)              
(fontspec)             - 'normal' (m/n) with NFSS spec.:
(fontspec)             <->s*[0.9694791068832674]"name:Latin Modern
(fontspec)             Sans:mode=node;script=latn;language=dflt;color={Black};"
(fontspec)             - 'bold' (b/n) with NFSS spec.:
(fontspec)             <->s*[0.9398446141339837]"name:Latin Modern
(fontspec)             Sans/B:mode=node;script=latn;language=dflt;color={Black};"
(fontspec)             - 'italic' (m/it) with NFSS spec.:
(fontspec)             <->s*[0.9694791068832674]"name:Latin Modern
(fontspec)             Sans/I:mode=node;script=latn;language=dflt;color={Black};"
(fontspec)             - 'bold italic' (b/it) with NFSS spec.:
(fontspec)             <->s*[0.9398446141339837]"name:Latin Modern
(fontspec)             Sans/BI:mode=node;script=latn;language=dflt;color={Black};"


Package fontspec Info: 
(fontspec)             Latin Modern Sans scale = 0.9694791068832674.


Package fontspec Info: 
(fontspec)             Latin Modern Sans scale = 0.9694791068832674.

(c:/Users/Claire.Rosemond/AppData/Roaming/TinyTeX/texmf-dist/tex/latex/koma-script/scrlayer-scrpage.sty
Package: scrlayer-scrpage 2025/12/01 v3.49 KOMA-Script package (end user interface for scrlayer)
(c:/Users/Claire.Rosemond/AppData/Roaming/TinyTeX/texmf-dist/tex/latex/koma-script/scrlayer.sty
Package: scrlayer 2025/12/01 v3.49 KOMA-Script package (defining layers and page styles)
(c:/Users/Claire.Rosemond/AppData/Roaming/TinyTeX/texmf-dist/tex/latex/koma-script/scrkbase.sty
Package: scrkbase 2025/12/01 v3.49 KOMA-Script package (KOMA-Script-dependent basics and keyval usage)
(c:/Users/Claire.Rosemond/AppData/Roaming/TinyTeX/texmf-dist/tex/latex/koma-script/scrbase.sty
Package: scrbase 2025/12/01 v3.49 KOMA-Script package (KOMA-Script-independent basics and keyval usage)
(c:/Users/Claire.Rosemond/AppData/Roaming/TinyTeX/texmf-dist/tex/latex/koma-script/scrlfile.sty
Package: scrlfile 2025/12/01 v3.49 KOMA-Script package (file load hooks)
(c:/Users/Claire.Rosemond/AppData/Roaming/TinyTeX/texmf-dist/tex/latex/koma-script/scrlfile-hook.sty
Package: scrlfile-hook 2025/12/01 v3.49 KOMA-Script package (using LaTeX hooks)
(c:/Users/Claire.Rosemond/AppData/Roaming/TinyTeX/texmf-dist/tex/latex/koma-script/scrlogo.sty
Package: scrlogo 2025/12/01 v3.49 KOMA-Script package (logo)
)))
Applying: [2021/05/01] Usage of raw or classic option list on input line 254.
Already applied: [0000/00/00] Usage of raw or classic option list on input line 370.
))
\footheight=\skip91
Package scrlayer Info: patching LaTeX kernel macro \pagestyle on input line 2179.
))

Package fontspec Info: 
(fontspec)             Latin Modern Sans scale = 0.9694791068832674.

(c:/Users/Claire.Rosemond/AppData/Roaming/TinyTeX/texmf-dist/tex/latex/pdflscape/pdflscape.sty
Package: pdflscape 2025-06-23 v0.14 Display of landscape pages in PDF
(c:/Users/Claire.Rosemond/AppData/Roaming/TinyTeX/texmf-dist/tex/latex/graphics/lscape.sty
Package: lscape 2020/05/28 v3.02 Landscape Pages (DPC)
)) (c:/Users/Claire.Rosemond/AppData/Roaming/TinyTeX/texmf-dist/tex/latex/glossaries/base/glossaries.sty
Package: glossaries 2025/11/09 v4.9 (NLCT)
(c:/Users/Claire.Rosemond/AppData/Roaming/TinyTeX/texmf-dist/tex/latex/mfirstuc/mfirstuc.sty
Package: mfirstuc 2025/04/03 v2.09 (NLCT)
\@glsmfirst=\toks31
\@glsmrest=\toks32
) (c:/Users/Claire.Rosemond/AppData/Roaming/TinyTeX/texmf-dist/tex/latex/xfor/xfor.sty
Package: xfor 2009/02/05 v1.05 (NLCT)
) (c:/Users/Claire.Rosemond/AppData/Roaming/TinyTeX/texmf-dist/tex/latex/translator/translator.sty
Package: translator 2021-05-31 v1.12d Easy translation of strings in LaTeX
) (c:/Users/Claire.Rosemond/AppData/Roaming/TinyTeX/texmf-dist/tex/latex/glossaries-english/glossaries-english.ldf
File: glossaries-english.ldf 2014/11/23 v1.0
) (c:/Users/Claire.Rosemond/AppData/Roaming/TinyTeX/texmf-dist/tex/latex/datatool/datatool-base.sty
Package: datatool-base 2025/12/04 v3.4.3 (NLCT)
\l__datatool_tmpa_int=\count385
\l__datatool_tmpb_int=\count386
\l__datatool_tmpc_int=\count387
\l__datatool_tmpd_int=\count388
\l__datatool_count_int=\count389
\l__datatool_tmp_datatype_int=\count390
\l__datatool_tmpa_dim=\dimen199
\l__datatool_tmpb_dim=\dimen256
(c:/Users/Claire.Rosemond/AppData/Roaming/TinyTeX/texmf-dist/tex/latex/datatool/datatool-lua.def
File: datatool-lua.def 2025/12/04 v3.4.3 (NLCT)
)
\@dtl@toks=\toks33
\@dtl@tmpcount=\count391
\dtl@tmplength=\skip92
\l__datatool_measure_box=\box75
\dtl@sortresult=\count392
(c:/Users/Claire.Rosemond/AppData/Roaming/TinyTeX/texmf-dist/tex/latex/datatool/datatool-utf8.ldf
File: datatool-utf8.ldf 2025/12/04 v3.4.3 (NLCT)
)
\@dtl@datatype=\count393
\c_datatool_unknown_int=\count394
\l__datatool_year_int=\count395
\l__datatool_month_int=\count396
\l__datatool_day_int=\count397
\l__datatool_hour_int=\count398
\l__datatool_minute_int=\count399
\l__datatool_second_int=\count400
\l__datatool_tzhour_int=\count401
\l__datatool_tzminute_int=\count402
\l__datatool_julian_int=\count403
\l__datatool_local_julian_int=\count404
\l__datatool_prefix_int=\count405
\l__datatool_suffix_int=\count406
\@dtl@foreach@level=\count407
(c:/Users/Claire.Rosemond/AppData/Roaming/TinyTeX/texmf-dist/tex/latex/datatool-english/datatool-english.ldf
File: datatool-english.ldf 2025/03/12 v1.1 (NLCT)
(c:/Users/Claire.Rosemond/AppData/Roaming/TinyTeX/texmf-dist/tex/latex/datatool-english/datatool-english-utf8.ldf
File: datatool-english-utf8.ldf 2025/03/12 v1.1 (NLCT)
))
\dtl@codeA=\count408
\dtl@codeB=\count409
)
\gls@level=\count410
\@gls@tmpb=\toks34
\gls@tmplen=\skip93
\l__glossaries_tmpa_dim=\dimen257
\l__glossaries_tmpb_dim=\dimen258
\glskeylisttok=\toks35
\glslabeltok=\toks36
\glsshorttok=\toks37
\glslongtok=\toks38
(c:/Users/Claire.Rosemond/AppData/Roaming/TinyTeX/texmf-dist/tex/latex/glossaries/styles/glossary-hypernav.sty
Package: glossary-hypernav 2025/11/09 v4.9 (NLCT)
) (c:/Users/Claire.Rosemond/AppData/Roaming/TinyTeX/texmf-dist/tex/latex/glossaries/styles/glossary-list.sty
Package: glossary-list 2025/11/09 v4.9 (NLCT)
\glslistdottedwidth=\skip94
) (c:/Users/Claire.Rosemond/AppData/Roaming/TinyTeX/texmf-dist/tex/latex/glossaries/styles/glossary-long.sty
Package: glossary-long 2025/11/09 v4.9 (NLCT)
\glsdescwidth=\skip95
\glspagelistwidth=\skip96
) (c:/Users/Claire.Rosemond/AppData/Roaming/TinyTeX/texmf-dist/tex/latex/glossaries/styles/glossary-super.sty
Package: glossary-super 2025/11/09 v4.9 (NLCT)
(c:/Users/Claire.Rosemond/AppData/Roaming/TinyTeX/texmf-dist/tex/latex/supertabular/supertabular.sty
Package: supertabular 2025/06/26 v4.2d the supertabular environment
\c@tracingst=\count411
\ST@wd=\dimen259
\ST@rightskip=\skip97
\ST@leftskip=\skip98
\ST@parfillskip=\skip99
\ST@pageleft=\dimen260
\ST@headht=\dimen261
\ST@tailht=\dimen262
\ST@pagesofar=\dimen263
\ST@pboxht=\dimen264
\ST@rowht=\dimen265
\ST@prevht=\dimen266
\ST@toadd=\dimen267
\ST@dimen=\dimen268
\ST@pbox=\box76
)) (c:/Users/Claire.Rosemond/AppData/Roaming/TinyTeX/texmf-dist/tex/latex/glossaries/styles/glossary-tree.sty
Package: glossary-tree 2025/11/09 v4.9 (NLCT)
\l__glossaries_tree_max_known_level_int=\count412
\l__glossaries_tree_offset_dim=\dimen269
\l__glossaries_tree_namewidth_dim=\dimen270
\l__glossaries_tree_symbolwidth_dim=\dimen271
\l__glossaries_tree_prenamesym_width_dim=\dimen272
\l__glossaries_tree_presubnamesym_width_dim=\dimen273
\l__glossaries_tree_namewidth_padding_dim=\dimen274
\l__glossaries_tree_symbolwidth_padding_dim=\dimen275
\l__glossaries_tree_namesymbolwidth_dim=\dimen276
\l__glossaries_tree_namesymbolwidth_padding_dim=\dimen277
\l__glossaries_tree_level_int=\count413
\glstreeindent=\skip100
)) (./sa4ss_glossaries.tex) (c:/Users/Claire.Rosemond/AppData/Roaming/TinyTeX/texmf-dist/tex/latex/pgf/frontendlayer/tikz.sty (c:/Users/Claire.Rosemond/AppData/Roaming/TinyTeX/texmf-dist/tex/latex/pgf/basiclayer/pgf.sty (c:/Users/Claire.Rosemond/AppData/Roaming/TinyTeX/texmf-dist/tex/latex/pgf/utilities/pgfrcs.sty (c:/Users/Claire.Rosemond/AppData/Roaming/TinyTeX/texmf-dist/tex/generic/pgf/utilities/pgfutil-common.tex
\pgfutil@everybye=\toks39
\pgfutil@tempdima=\dimen278
\pgfutil@tempdimb=\dimen279
) (c:/Users/Claire.Rosemond/AppData/Roaming/TinyTeX/texmf-dist/tex/generic/pgf/utilities/pgfutil-latex.def
\pgfutil@abb=\box77
) (c:/Users/Claire.Rosemond/AppData/Roaming/TinyTeX/texmf-dist/tex/generic/pgf/utilities/pgfrcs.code.tex (c:/Users/Claire.Rosemond/AppData/Roaming/TinyTeX/texmf-dist/tex/generic/pgf/pgf.revision.tex)
Package: pgfrcs 2025-08-29 v3.1.11a (3.1.11a)
))
Package: pgf 2025-08-29 v3.1.11a (3.1.11a)
(c:/Users/Claire.Rosemond/AppData/Roaming/TinyTeX/texmf-dist/tex/latex/pgf/basiclayer/pgfcore.sty (c:/Users/Claire.Rosemond/AppData/Roaming/TinyTeX/texmf-dist/tex/latex/pgf/systemlayer/pgfsys.sty (c:/Users/Claire.Rosemond/AppData/Roaming/TinyTeX/texmf-dist/tex/generic/pgf/systemlayer/pgfsys.code.tex
Package: pgfsys 2025-08-29 v3.1.11a (3.1.11a)
(c:/Users/Claire.Rosemond/AppData/Roaming/TinyTeX/texmf-dist/tex/generic/pgf/utilities/pgfkeys.code.tex
\pgfkeys@pathtoks=\toks40
\pgfkeys@temptoks=\toks41
(c:/Users/Claire.Rosemond/AppData/Roaming/TinyTeX/texmf-dist/tex/generic/pgf/utilities/pgfkeyslibraryfiltered.code.tex
\pgfkeys@tmptoks=\toks42
))
\pgf@x=\dimen280
\pgf@y=\dimen281
\pgf@xa=\dimen282
\pgf@ya=\dimen283
\pgf@xb=\dimen284
\pgf@yb=\dimen285
\pgf@xc=\dimen286
\pgf@yc=\dimen287
\pgf@xd=\dimen288
\pgf@yd=\dimen289
\w@pgf@writea=\write4
\r@pgf@reada=\read4
\c@pgf@counta=\count414
\c@pgf@countb=\count415
\c@pgf@countc=\count416
\c@pgf@countd=\count417
\t@pgf@toka=\toks43
\t@pgf@tokb=\toks44
\t@pgf@tokc=\toks45
\pgf@sys@id@count=\count418
(c:/Users/Claire.Rosemond/AppData/Roaming/TinyTeX/texmf-dist/tex/generic/pgf/systemlayer/pgf.cfg
File: pgf.cfg 2025-08-29 v3.1.11a (3.1.11a)
)
Driver file for pgf: pgfsys-luatex.def
(c:/Users/Claire.Rosemond/AppData/Roaming/TinyTeX/texmf-dist/tex/generic/pgf/systemlayer/pgfsys-luatex.def
File: pgfsys-luatex.def 2025-08-29 v3.1.11a (3.1.11a)
(c:/Users/Claire.Rosemond/AppData/Roaming/TinyTeX/texmf-dist/tex/generic/pgf/systemlayer/pgfsys-common-pdf.def
File: pgfsys-common-pdf.def 2025-08-29 v3.1.11a (3.1.11a)
))) (c:/Users/Claire.Rosemond/AppData/Roaming/TinyTeX/texmf-dist/tex/generic/pgf/systemlayer/pgfsyssoftpath.code.tex
File: pgfsyssoftpath.code.tex 2025-08-29 v3.1.11a (3.1.11a)
\pgfsyssoftpath@smallbuffer@items=\count419
\pgfsyssoftpath@bigbuffer@items=\count420
) (c:/Users/Claire.Rosemond/AppData/Roaming/TinyTeX/texmf-dist/tex/generic/pgf/systemlayer/pgfsysprotocol.code.tex
File: pgfsysprotocol.code.tex 2025-08-29 v3.1.11a (3.1.11a)
)) (c:/Users/Claire.Rosemond/AppData/Roaming/TinyTeX/texmf-dist/tex/generic/pgf/basiclayer/pgfcore.code.tex
Package: pgfcore 2025-08-29 v3.1.11a (3.1.11a)
(c:/Users/Claire.Rosemond/AppData/Roaming/TinyTeX/texmf-dist/tex/generic/pgf/math/pgfmath.code.tex (c:/Users/Claire.Rosemond/AppData/Roaming/TinyTeX/texmf-dist/tex/generic/pgf/math/pgfmathutil.code.tex) (c:/Users/Claire.Rosemond/AppData/Roaming/TinyTeX/texmf-dist/tex/generic/pgf/math/pgfmathparser.code.tex
\pgfmath@dimen=\dimen290
\pgfmath@count=\count421
\pgfmath@box=\box78
\pgfmath@toks=\toks46
\pgfmath@stack@operand=\toks47
\pgfmath@stack@operation=\toks48
) (c:/Users/Claire.Rosemond/AppData/Roaming/TinyTeX/texmf-dist/tex/generic/pgf/math/pgfmathfunctions.code.tex) (c:/Users/Claire.Rosemond/AppData/Roaming/TinyTeX/texmf-dist/tex/generic/pgf/math/pgfmathfunctions.basic.code.tex) (c:/Users/Claire.Rosemond/AppData/Roaming/TinyTeX/texmf-dist/tex/generic/pgf/math/pgfmathfunctions.trigonometric.code.tex) (c:/Users/Claire.Rosemond/AppData/Roaming/TinyTeX/texmf-dist/tex/generic/pgf/math/pgfmathfunctions.random.code.tex) (c:/Users/Claire.Rosemond/AppData/Roaming/TinyTeX/texmf-dist/tex/generic/pgf/math/pgfmathfunctions.comparison.code.tex) (c:/Users/Claire.Rosemond/AppData/Roaming/TinyTeX/texmf-dist/tex/generic/pgf/math/pgfmathfunctions.base.code.tex) (c:/Users/Claire.Rosemond/AppData/Roaming/TinyTeX/texmf-dist/tex/generic/pgf/math/pgfmathfunctions.round.code.tex) (c:/Users/Claire.Rosemond/AppData/Roaming/TinyTeX/texmf-dist/tex/generic/pgf/math/pgfmathfunctions.misc.code.tex) (c:/Users/Claire.Rosemond/AppData/Roaming/TinyTeX/texmf-dist/tex/generic/pgf/math/pgfmathfunctions.integerarithmetics.code.tex) (c:/Users/Claire.Rosemond/AppData/Roaming/TinyTeX/texmf-dist/tex/generic/pgf/math/pgfmathcalc.code.tex) (c:/Users/Claire.Rosemond/AppData/Roaming/TinyTeX/texmf-dist/tex/generic/pgf/math/pgfmathfloat.code.tex
\c@pgfmathroundto@lastzeros=\count422
)) (c:/Users/Claire.Rosemond/AppData/Roaming/TinyTeX/texmf-dist/tex/generic/pgf/math/pgfint.code.tex) (c:/Users/Claire.Rosemond/AppData/Roaming/TinyTeX/texmf-dist/tex/generic/pgf/basiclayer/pgfcorepoints.code.tex
File: pgfcorepoints.code.tex 2025-08-29 v3.1.11a (3.1.11a)
\pgf@picminx=\dimen291
\pgf@picmaxx=\dimen292
\pgf@picminy=\dimen293
\pgf@picmaxy=\dimen294
\pgf@pathminx=\dimen295
\pgf@pathmaxx=\dimen296
\pgf@pathminy=\dimen297
\pgf@pathmaxy=\dimen298
\pgf@xx=\dimen299
\pgf@xy=\dimen300
\pgf@yx=\dimen301
\pgf@yy=\dimen302
\pgf@zx=\dimen303
\pgf@zy=\dimen304
) (c:/Users/Claire.Rosemond/AppData/Roaming/TinyTeX/texmf-dist/tex/generic/pgf/basiclayer/pgfcorepathconstruct.code.tex
File: pgfcorepathconstruct.code.tex 2025-08-29 v3.1.11a (3.1.11a)
\pgf@path@lastx=\dimen305
\pgf@path@lasty=\dimen306
) (c:/Users/Claire.Rosemond/AppData/Roaming/TinyTeX/texmf-dist/tex/generic/pgf/basiclayer/pgfcorepathusage.code.tex
File: pgfcorepathusage.code.tex 2025-08-29 v3.1.11a (3.1.11a)
\pgf@shorten@end@additional=\dimen307
\pgf@shorten@start@additional=\dimen308
) (c:/Users/Claire.Rosemond/AppData/Roaming/TinyTeX/texmf-dist/tex/generic/pgf/basiclayer/pgfcorescopes.code.tex
File: pgfcorescopes.code.tex 2025-08-29 v3.1.11a (3.1.11a)
\pgfpic=\box79
\pgf@hbox=\box80
\pgf@layerbox@main=\box81
\pgf@picture@serial@count=\count423
) (c:/Users/Claire.Rosemond/AppData/Roaming/TinyTeX/texmf-dist/tex/generic/pgf/basiclayer/pgfcoregraphicstate.code.tex
File: pgfcoregraphicstate.code.tex 2025-08-29 v3.1.11a (3.1.11a)
\pgflinewidth=\dimen309
) (c:/Users/Claire.Rosemond/AppData/Roaming/TinyTeX/texmf-dist/tex/generic/pgf/basiclayer/pgfcoretransformations.code.tex
File: pgfcoretransformations.code.tex 2025-08-29 v3.1.11a (3.1.11a)
\pgf@pt@x=\dimen310
\pgf@pt@y=\dimen311
\pgf@pt@temp=\dimen312
) (c:/Users/Claire.Rosemond/AppData/Roaming/TinyTeX/texmf-dist/tex/generic/pgf/basiclayer/pgfcorequick.code.tex
File: pgfcorequick.code.tex 2025-08-29 v3.1.11a (3.1.11a)
) (c:/Users/Claire.Rosemond/AppData/Roaming/TinyTeX/texmf-dist/tex/generic/pgf/basiclayer/pgfcoreobjects.code.tex
File: pgfcoreobjects.code.tex 2025-08-29 v3.1.11a (3.1.11a)
) (c:/Users/Claire.Rosemond/AppData/Roaming/TinyTeX/texmf-dist/tex/generic/pgf/basiclayer/pgfcorepathprocessing.code.tex
File: pgfcorepathprocessing.code.tex 2025-08-29 v3.1.11a (3.1.11a)
) (c:/Users/Claire.Rosemond/AppData/Roaming/TinyTeX/texmf-dist/tex/generic/pgf/basiclayer/pgfcorearrows.code.tex
File: pgfcorearrows.code.tex 2025-08-29 v3.1.11a (3.1.11a)
\pgfarrowsep=\dimen313
) (c:/Users/Claire.Rosemond/AppData/Roaming/TinyTeX/texmf-dist/tex/generic/pgf/basiclayer/pgfcoreshade.code.tex
File: pgfcoreshade.code.tex 2025-08-29 v3.1.11a (3.1.11a)
\pgf@max=\dimen314
\pgf@sys@shading@range@num=\count424
\pgf@shadingcount=\count425
) (c:/Users/Claire.Rosemond/AppData/Roaming/TinyTeX/texmf-dist/tex/generic/pgf/basiclayer/pgfcoreimage.code.tex
File: pgfcoreimage.code.tex 2025-08-29 v3.1.11a (3.1.11a)
) (c:/Users/Claire.Rosemond/AppData/Roaming/TinyTeX/texmf-dist/tex/generic/pgf/basiclayer/pgfcoreexternal.code.tex
File: pgfcoreexternal.code.tex 2025-08-29 v3.1.11a (3.1.11a)
\pgfexternal@startupbox=\box82
) (c:/Users/Claire.Rosemond/AppData/Roaming/TinyTeX/texmf-dist/tex/generic/pgf/basiclayer/pgfcorelayers.code.tex
File: pgfcorelayers.code.tex 2025-08-29 v3.1.11a (3.1.11a)
) (c:/Users/Claire.Rosemond/AppData/Roaming/TinyTeX/texmf-dist/tex/generic/pgf/basiclayer/pgfcoretransparency.code.tex
File: pgfcoretransparency.code.tex 2025-08-29 v3.1.11a (3.1.11a)
) (c:/Users/Claire.Rosemond/AppData/Roaming/TinyTeX/texmf-dist/tex/generic/pgf/basiclayer/pgfcorepatterns.code.tex
File: pgfcorepatterns.code.tex 2025-08-29 v3.1.11a (3.1.11a)
) (c:/Users/Claire.Rosemond/AppData/Roaming/TinyTeX/texmf-dist/tex/generic/pgf/basiclayer/pgfcorerdf.code.tex
File: pgfcorerdf.code.tex 2025-08-29 v3.1.11a (3.1.11a)
))) (c:/Users/Claire.Rosemond/AppData/Roaming/TinyTeX/texmf-dist/tex/generic/pgf/modules/pgfmoduleshapes.code.tex
File: pgfmoduleshapes.code.tex 2025-08-29 v3.1.11a (3.1.11a)
\pgfnodeparttextbox=\box83
) (c:/Users/Claire.Rosemond/AppData/Roaming/TinyTeX/texmf-dist/tex/generic/pgf/modules/pgfmoduleplot.code.tex
File: pgfmoduleplot.code.tex 2025-08-29 v3.1.11a (3.1.11a)
) (c:/Users/Claire.Rosemond/AppData/Roaming/TinyTeX/texmf-dist/tex/latex/pgf/compatibility/pgfcomp-version-0-65.sty
Package: pgfcomp-version-0-65 2025-08-29 v3.1.11a (3.1.11a)
\pgf@nodesepstart=\dimen315
\pgf@nodesepend=\dimen316
) (c:/Users/Claire.Rosemond/AppData/Roaming/TinyTeX/texmf-dist/tex/latex/pgf/compatibility/pgfcomp-version-1-18.sty
Package: pgfcomp-version-1-18 2025-08-29 v3.1.11a (3.1.11a)
)) (c:/Users/Claire.Rosemond/AppData/Roaming/TinyTeX/texmf-dist/tex/latex/pgf/utilities/pgffor.sty (c:/Users/Claire.Rosemond/AppData/Roaming/TinyTeX/texmf-dist/tex/latex/pgf/utilities/pgfkeys.sty (c:/Users/Claire.Rosemond/AppData/Roaming/TinyTeX/texmf-dist/tex/generic/pgf/utilities/pgfkeys.code.tex)) (c:/Users/Claire.Rosemond/AppData/Roaming/TinyTeX/texmf-dist/tex/latex/pgf/math/pgfmath.sty (c:/Users/Claire.Rosemond/AppData/Roaming/TinyTeX/texmf-dist/tex/generic/pgf/math/pgfmath.code.tex)) (c:/Users/Claire.Rosemond/AppData/Roaming/TinyTeX/texmf-dist/tex/generic/pgf/utilities/pgffor.code.tex
Package: pgffor 2025-08-29 v3.1.11a (3.1.11a)
\pgffor@iter=\dimen317
\pgffor@skip=\dimen318
\pgffor@stack=\toks49
\pgffor@toks=\toks50
)) (c:/Users/Claire.Rosemond/AppData/Roaming/TinyTeX/texmf-dist/tex/generic/pgf/frontendlayer/tikz/tikz.code.tex
Package: tikz 2025-08-29 v3.1.11a (3.1.11a)
(c:/Users/Claire.Rosemond/AppData/Roaming/TinyTeX/texmf-dist/tex/generic/pgf/libraries/pgflibraryplothandlers.code.tex
File: pgflibraryplothandlers.code.tex 2025-08-29 v3.1.11a (3.1.11a)
\pgf@plot@mark@count=\count426
\pgfplotmarksize=\dimen319
)
\tikz@lastx=\dimen320
\tikz@lasty=\dimen321
\tikz@lastxsaved=\dimen322
\tikz@lastysaved=\dimen323
\tikz@lastmovetox=\dimen324
\tikz@lastmovetoy=\dimen325
\tikzleveldistance=\dimen326
\tikzsiblingdistance=\dimen327
\tikz@figbox=\box84
\tikz@figbox@bg=\box85
\tikz@tempbox=\box86
\tikz@tempbox@bg=\box87
\tikztreelevel=\count427
\tikznumberofchildren=\count428
\tikznumberofcurrentchild=\count429
\tikz@fig@count=\count430
(c:/Users/Claire.Rosemond/AppData/Roaming/TinyTeX/texmf-dist/tex/generic/pgf/modules/pgfmodulematrix.code.tex
File: pgfmodulematrix.code.tex 2025-08-29 v3.1.11a (3.1.11a)
\pgfmatrixcurrentrow=\count431
\pgfmatrixcurrentcolumn=\count432
\pgf@matrix@numberofcolumns=\count433
)
\tikz@expandcount=\count434
(c:/Users/Claire.Rosemond/AppData/Roaming/TinyTeX/texmf-dist/tex/generic/pgf/frontendlayer/tikz/libraries/tikzlibrarytopaths.code.tex
File: tikzlibrarytopaths.code.tex 2025-08-29 v3.1.11a (3.1.11a)
))) (c:/Users/Claire.Rosemond/AppData/Roaming/TinyTeX/texmf-dist/tex/latex/multirow/multirow.sty
Package: multirow 2024/11/12 v2.9 Span multiple rows of a table
\multirow@colwidth=\skip101
\multirow@cntb=\count435
\multirow@dima=\skip102
\bigstrutjot=\dimen328
) (c:/Users/Claire.Rosemond/AppData/Roaming/TinyTeX/texmf-dist/tex/latex/wrapfig/wrapfig.sty
\wrapoverhang=\dimen329
\WF@size=\dimen330
\c@WF@wrappedlines=\count436
\WF@box=\box88
\WF@everypar=\toks51
Package: wrapfig 2003/01/31  v 3.6
) (c:/Users/Claire.Rosemond/AppData/Roaming/TinyTeX/texmf-dist/tex/latex/float/float.sty
Package: float 2001/11/08 v1.3d Float enhancements (AL)
\c@float@type=\count437
\float@exts=\toks52
\float@box=\box89
\@float@everytoks=\toks53
\@floatcapt=\box90
) (c:/Users/Claire.Rosemond/AppData/Roaming/TinyTeX/texmf-dist/tex/latex/colortbl/colortbl.sty
Package: colortbl 2024/10/29 v1.0k Color table columns (DPC)
\everycr=\toks54
\minrowclearance=\skip103
\rownum=\count438
) (c:/Users/Claire.Rosemond/AppData/Roaming/TinyTeX/texmf-dist/tex/latex/tabu/tabu.sty
Package: tabu 2019/01/11 v2.9 - flexible LaTeX tabulars (FC+tabu-fixed)
(c:/Users/Claire.Rosemond/AppData/Roaming/TinyTeX/texmf-dist/tex/latex/varwidth/varwidth.sty
Package: varwidth 2009/03/30 ver 0.92;  Variable-width minipages
\@vwid@box=\box91
\sift@deathcycles=\count439
\@vwid@loff=\dimen331
\@vwid@roff=\dimen332
)
==> First Aid for varwidth.sty applied!
\c@taburow=\count440
\tabu@nbcols=\count441
\tabu@cnt=\count442
\tabu@Xcol=\count443
\tabu@alloc=\count444
\tabu@nested=\count445
\tabu@target=\dimen333
\tabu@spreadtarget=\dimen334
\tabu@naturalX=\dimen335
\tabucolX=\dimen336
\tabu@Xsum=\dimen337
\extrarowdepth=\dimen338
\abovetabulinesep=\dimen339
\belowtabulinesep=\dimen340
\tabustrutrule=\dimen341
\tabu@thebody=\toks55
\tabu@footnotes=\toks56
\tabu@box=\box92
\tabu@arstrutbox=\box93
\tabu@hleads=\box94
\tabu@vleads=\box95
\tabu@cellskip=\skip104
) (c:/Users/Claire.Rosemond/AppData/Roaming/TinyTeX/texmf-dist/tex/latex/threeparttable/threeparttable.sty
Package: threeparttable 2003/06/13  v 3.0
\@tempboxb=\box96
) (c:/Users/Claire.Rosemond/AppData/Roaming/TinyTeX/texmf-dist/tex/latex/threeparttablex/threeparttablex.sty
Package: threeparttablex 2013/07/23 v0.3 by daleif
(c:/Users/Claire.Rosemond/AppData/Roaming/TinyTeX/texmf-dist/tex/latex/environ/environ.sty
Package: environ 2014/05/04 v0.3 A new way to define environments
(c:/Users/Claire.Rosemond/AppData/Roaming/TinyTeX/texmf-dist/tex/latex/trimspaces/trimspaces.sty
Package: trimspaces 2009/09/17 v1.1 Trim spaces around a token list
))
\TPTL@width=\skip105
) (c:/Users/Claire.Rosemond/AppData/Roaming/TinyTeX/texmf-dist/tex/generic/ulem/ulem.sty
\UL@box=\box97
\UL@hyphenbox=\box98
\UL@skip=\skip106
\UL@hook=\toks57
\UL@height=\dimen342
\UL@pe=\count446
\UL@pixel=\dimen343
\ULC@box=\box99
Package: ulem 2019/11/18
\ULdepth=\dimen344
) (c:/Users/Claire.Rosemond/AppData/Roaming/TinyTeX/texmf-dist/tex/latex/makecell/makecell.sty
Package: makecell 2009/08/03 V0.1e Managing of Tab Column Heads and Cells
\rotheadsize=\dimen345
\c@nlinenum=\count447
\TeXr@lab=\toks58
) (c:/Users/Claire.Rosemond/AppData/Roaming/TinyTeX/texmf-dist/tex/latex/caption/caption.sty
Package: caption 2023/08/05 v3.6o Customizing captions (AR)
(c:/Users/Claire.Rosemond/AppData/Roaming/TinyTeX/texmf-dist/tex/latex/caption/caption3.sty
Package: caption3 2023/07/31 v2.4d caption3 kernel (AR)
\caption@tempdima=\dimen346
\captionmargin=\dimen347
\caption@leftmargin=\dimen348
\caption@rightmargin=\dimen349
\caption@width=\dimen350
\caption@indent=\dimen351
\caption@parindent=\dimen352
\caption@hangindent=\dimen353
Package caption Info: Standard document class detected.
)
\c@caption@flags=\count448
\c@continuedfloat=\count449
Package caption Info: float package is loaded.
Package caption Info: hyperref package is loaded.
Package caption Info: longtable package is loaded.
(c:/Users/Claire.Rosemond/AppData/Roaming/TinyTeX/texmf-dist/tex/latex/caption/ltcaption.sty
Package: ltcaption 2021/01/08 v1.4c longtable captions (AR)
)
Package caption Info: supertabular package is loaded.
Package caption Info: threeparttable package is loaded.
Package caption Info: wrapfig package is loaded.
) (c:/Users/Claire.Rosemond/AppData/Roaming/TinyTeX/texmf-dist/tex/latex/anyfontsize/anyfontsize.sty
Package: anyfontsize 2007/11/22 anyfontsize.sty by pts
)
\@float@every@codelisting=\toks59
\c@codelisting=\count450
(c:/Users/Claire.Rosemond/AppData/Roaming/TinyTeX/texmf-dist/tex/latex/caption/subcaption.sty
Package: subcaption 2023/07/28 v1.6b Sub-captions (AR)
Package caption Info: New subtype `subfigure' on input line 238.
\c@subfigure=\count451
Package caption Info: New subtype `subtable' on input line 238.
\c@subtable=\count452
) (c:/Users/Claire.Rosemond/AppData/Roaming/TinyTeX/texmf-dist/tex/latex/bookmark/bookmark.sty
Package: bookmark 2023-12-10 v1.31 PDF bookmarks (HO)
(c:/Users/Claire.Rosemond/AppData/Roaming/TinyTeX/texmf-dist/tex/latex/bookmark/bkm-pdftex.def
File: bkm-pdftex.def 2023-12-10 v1.31 bookmark driver for pdfTeX and luaTeX (HO)
\BKM@id=\count453
)) (c:/Users/Claire.Rosemond/AppData/Roaming/TinyTeX/texmf-dist/tex/latex/xurl/xurl.sty
Package: xurl 2022/01/09 v 0.10 modify URL breaks
) (c:/Users/Claire.Rosemond/AppData/Roaming/TinyTeX/texmf-dist/tex/lualatex/luamml/luamml.sty
Package: luamml 2025-10-20 v0.7.0 Automatically generate presentational MathML from LuaTeX math expressions
\l__luamml_flag_int=\count454
\l__luamml_pretty_int=\count455
\tracingmathml=\count456
Lua function RegisterFamilyMapping = 33
Lua function RegisterTextFamily = 34
Inserting `dump_list' in `pre_mlist_to_hlist_filter'.
Lua function luamml_get_last_mathml_stream:e = 35
Lua function luamml_begin_single_file: = 36
Lua function luamml_end_single_file: = 37
Lua function __luamml_register_output_hook:N = 38
Lua function __luamml_disable_output_hook: = 39
Lua function __luamml_annotate_begin: = 40
Lua function __luamml_annotate_end:we = 41
Lua function __luamml_annotate_end:e = 42
Lua function __luamml_annotate_attribute_end:e = 43
Inserting `mathml amsmath processing' in `hpack_filter'.
Lua function __luamml_array_init_col: = 44
Lua function __luamml_array_finalize_col:w = 45
Lua function __luamml_array_save_array: = 46
Lua function __luamml_array_finalize_array: = 47
\l__luamml_amsmath_tag_struct_num_int=\count457
(c:/Users/Claire.Rosemond/AppData/Roaming/TinyTeX/texmf-dist/tex/lualatex/luamml/luamml-patches-kernel.sty
Package: luamml-patches-kernel 2025-07-20 v0.7.0 Feel free to add a description here
) (c:/Users/Claire.Rosemond/AppData/Roaming/TinyTeX/texmf-dist/tex/lualatex/luamml/luamml-patches-amsmath.sty
Package: luamml-patches-amsmath 2025-10-20 v0.7.0 Feel free to add a description here
Lua function __luamml_amsmath_add_last_to_row: = 48
Lua function __luamml_amsmath_add_box_to_row: = 49
Lua function __luamml_amsmath_set_row_columnalign:n = 50
Lua function __luamml_amsmath_save_inner_table:n = 51
Lua function __luamml_amsmath_save_smallmatrix: = 52
Lua function __luamml_amsmath_finalize_inner_table: = 53
Lua function __luamml_amsmath_finalize_table:n = 54
Lua function __luamml_amsmath_save_tag: = 55
Lua function __luamml_amsmath_save_tag_with_struct_elem:N = 56
Lua function __luamml_amsmath_set_tag: = 57)) (./yelloweye_508.aux
LaTeX Font Info:    Font shape `TU/LatinModernSans(2)/m/n' will be
(Font)              scaled to size 10.0pt on input line 4.
LaTeX Font Info:    Trying to load font information for T1+lmtt on input line 4.
(c:/Users/Claire.Rosemond/AppData/Roaming/TinyTeX/texmf-dist/tex/latex/lm/t1lmtt.fd
File: t1lmtt.fd 2015/05/01 v1.6.1 Font defs for Latin Modern
)

Package babel Info: The following font families will use the default
(babel)             settings for all or some languages:
(babel)             * \sffamily = LatinModernSans(2)
(babel)               "name:Latin Modern Sans:mode=node;script=latn;language=dflt;+tlig;" at 10.0pt
(babel)             * \ttfamily = lmtt
(babel)               ec-lmtt10
(babel)             There is nothing intrinsically wrong with it, but
(babel)             'babel' will no set Script and Language, which could
(babel)             be relevant in some languages. If your document uses
(babel)             these families, consider redefining them with \babelfont.
(babel)             Reported on input line 4.

)
\openout1 = yelloweye_508.aux

LaTeX Font Info:    Checking defaults for OML/cmm/m/it on input line 278.
LaTeX Font Info:    ... okay on input line 278.
LaTeX Font Info:    Checking defaults for OMS/cmsy/m/n on input line 278.
LaTeX Font Info:    ... okay on input line 278.
LaTeX Font Info:    Checking defaults for OT1/cmr/m/n on input line 278.
LaTeX Font Info:    ... okay on input line 278.
LaTeX Font Info:    Checking defaults for T1/cmr/m/n on input line 278.
LaTeX Font Info:    ... okay on input line 278.
LaTeX Font Info:    Checking defaults for TS1/cmr/m/n on input line 278.
LaTeX Font Info:    ... okay on input line 278.
LaTeX Font Info:    Checking defaults for TU/lmr/m/n on input line 278.
LaTeX Font Info:    ... okay on input line 278.
LaTeX Font Info:    Checking defaults for OMX/cmex/m/n on input line 278.
LaTeX Font Info:    ... okay on input line 278.
LaTeX Font Info:    Checking defaults for U/cmr/m/n on input line 278.
LaTeX Font Info:    ... okay on input line 278.
LaTeX Font Info:    Checking defaults for PD1/pdf/m/n on input line 278.
LaTeX Font Info:    ... okay on input line 278.
LaTeX Font Info:    Checking defaults for PU/pdf/m/n on input line 278.
LaTeX Font Info:    ... okay on input line 278.
Inserting `tagpdf' in `pre_shipout_filter'.
Inserting `tagpdf' in `pre_shipout_filter'. (c:/Users/Claire.Rosemond/AppData/Roaming/TinyTeX/texmf-dist/tex/context/base/mkii/supp-pdf.mkii
[Loading MPS to PDF converter (version 2006.09.02).]
\scratchcounter=\count458
\scratchdimen=\dimen354
\scratchbox=\box100
\nofMPsegments=\count459
\nofMParguments=\count460
\everyMPshowfont=\toks60
\MPscratchCnt=\count461
\MPscratchDim=\dimen355
\MPnumerator=\count462
\makeMPintoPDFobject=\count463
\everyMPtoPDFconversion=\toks61
) (c:/Users/Claire.Rosemond/AppData/Roaming/TinyTeX/texmf-dist/tex/latex/epstopdf-pkg/epstopdf-base.sty
Package: epstopdf-base 2020-01-24 v2.11 Base part for package epstopdf
Package epstopdf-base Info: Redefining graphics rule for `.eps' on input line 485.
(c:/Users/Claire.Rosemond/AppData/Roaming/TinyTeX/texmf-dist/tex/latex/latexconfig/epstopdf-sys.cfg
File: epstopdf-sys.cfg 2010/07/13 v1.3 Configuration of (r)epstopdf for TeX Live
))
LaTeX Font Info:    Overwriting math alphabet `\mathtt' in version `normal'
(Font)                  OT1/lmtt/m/n --> TU/lmtt/m/n on input line 278.
LaTeX Font Info:    Overwriting math alphabet `\mathtt' in version `bold'
(Font)                  OT1/lmtt/m/n --> TU/lmtt/b/n on input line 278.

Package fontspec Info: 
(fontspec)             latinmodern-math scale = 0.998721947454693.


Package fontspec Info: 
(fontspec)             latinmodern-math scale = 0.998721947454693.


Package fontspec Info: 
(fontspec)             latinmodern-math scale = 0.998721947454693.


Package fontspec Info: 
(fontspec)             Font family 'latinmodern-math.otf(0)' created for font
(fontspec)             'latinmodern-math.otf' with options
(fontspec)             [Scale=MatchLowercase,Renderer=Basic,BoldItalicFont={},ItalicFont={},SmallCapsFont={},Script=Math,RawFeature={mathfontdimen=xetex},BoldFont={latinmodern-math.otf}].
(fontspec)              
(fontspec)              This font family consists of the following NFSS
(fontspec)             series/shapes:
(fontspec)              
(fontspec)             - 'normal' (m/n) with NFSS spec.:
(fontspec)             <->s*[0.998721947454693]"[latinmodern-math.otf]:mode=base;script=math;language=dflt;mathfontdimen=xetex;"
(fontspec)             - 'bold' (b/n) with NFSS spec.:
(fontspec)             <->s*[0.998721947454693]"[latinmodern-math.otf]:mode=base;script=math;language=dflt;mathfontdimen=xetex;"

LaTeX Font Info:    Trying to load font information for T1+latinmodern-math.otf(0) on input line 278.
LaTeX Font Info:    No file T1latinmodern-math.otf(0).fd. on input line 278.

LaTeX Font Warning: Font shape `T1/latinmodern-math.otf(0)/m/n' undefined
(Font)              using `T1/cmr/m/n' instead on input line 278.

luaotfload | aux : no font with id -1

Package unicode-math Warning: The first font loaded by unicode-math must be an
(unicode-math)                OpenType Math font (with script=math). If you
(unicode-math)                simply want ‘the default’ before loading
(unicode-math)                supplementary fonts over the top for certain
(unicode-math)                ranges, use: 
(unicode-math)                  \setmathfont{latinmodern-math.otf}


Package fontspec Info: 
(fontspec)             latinmodern-math scale = 0.998721947454693.


Package fontspec Info: 
(fontspec)             latinmodern-math scale = 0.998721947454693.


Package fontspec Info: 
(fontspec)             latinmodern-math scale = 0.998721947454693.


Package fontspec Info: 
(fontspec)             latinmodern-math scale = 0.998721947454693.


Package fontspec Info: 
(fontspec)             latinmodern-math scale = 0.998721947454693.


Package fontspec Info: 
(fontspec)             Font family 'latinmodern-math.otf(1)' created for font
(fontspec)             'latinmodern-math.otf' with options
(fontspec)             [Scale=MatchLowercase,Renderer=Basic,BoldItalicFont={},ItalicFont={},SmallCapsFont={},Script=Math,SizeFeatures={{Size=0-},{Size=0-0,Font=latinmodern-math.otf,Style=MathScript},{Size=-0,Font=latinmodern-math.otf,Style=MathScriptScript}},RawFeature={mathfontdimen=xetex},BoldFont={latinmodern-math.otf}].
(fontspec)              
(fontspec)              This font family consists of the following NFSS
(fontspec)             series/shapes:
(fontspec)              
(fontspec)             - 'normal' (m/n) with NFSS spec.:
(fontspec)             <0->s*[0.998721947454693]"[latinmodern-math.otf]:mode=base;script=math;language=dflt;mathfontdimen=xetex;"<0-0>s*[0.998721947454693]"[latinmodern-math.otf]:mode=base;script=math;language=dflt;mathfontdimen=xetex;+ssty=0;"<-0>s*[0.998721947454693]"[latinmodern-math.otf]:mode=base;script=math;language=dflt;mathfontdimen=xetex;+ssty=1;"
(fontspec)             - 'bold' (b/n) with NFSS spec.:
(fontspec)             <->s*[0.998721947454693]"[latinmodern-math.otf]:mode=base;script=math;language=dflt;mathfontdimen=xetex;"

LaTeX Font Info:    Trying to load font information for T1+latinmodern-math.otf(1) on input line 278.
LaTeX Font Info:    No file T1latinmodern-math.otf(1).fd. on input line 278.

LaTeX Font Warning: Font shape `T1/latinmodern-math.otf(1)/m/n' undefined
(Font)              using `T1/cmr/m/n' instead on input line 278.

LaTeX Font Info:    Encoding `OT1' has changed to `T1' for symbol font
(Font)              `operators' in the math version `normal' on input line 278.
LaTeX Font Info:    Overwriting symbol font `operators' in version `normal'
(Font)                  OT1/lmr/m/n --> T1/latinmodern-math.otf(1)/m/n on input line 278.
LaTeX Font Info:    Encoding `OT1' has changed to `T1' for symbol font
(Font)              `operators' in the math version `bold' on input line 278.
LaTeX Font Info:    Overwriting symbol font `operators' in version `bold'
(Font)                  OT1/lmr/bx/n --> T1/latinmodern-math.otf(1)/b/n on input line 278.
LaTeX Font Info:    Trying to load font information for OML+lmm on input line 278.
(c:/Users/Claire.Rosemond/AppData/Roaming/TinyTeX/texmf-dist/tex/latex/lm/omllmm.fd
File: omllmm.fd 2015/05/01 v1.6.1 Font defs for Latin Modern
)
LaTeX Font Info:    Trying to load font information for OMS+lmsy on input line 278.
(c:/Users/Claire.Rosemond/AppData/Roaming/TinyTeX/texmf-dist/tex/latex/lm/omslmsy.fd
File: omslmsy.fd 2015/05/01 v1.6.1 Font defs for Latin Modern
)
LaTeX Font Info:    Trying to load font information for OMX+lmex on input line 278.
(c:/Users/Claire.Rosemond/AppData/Roaming/TinyTeX/texmf-dist/tex/latex/lm/omxlmex.fd
File: omxlmex.fd 2015/05/01 v1.6.1 Font defs for Latin Modern
)
LaTeX Font Info:    External font `lmex10' loaded for size
(Font)              <10> on input line 278.
LaTeX Font Info:    External font `lmex10' loaded for size
(Font)              <7> on input line 278.
LaTeX Font Info:    External font `lmex10' loaded for size
(Font)              <5> on input line 278.
LaTeX Font Info:    Trying to load font information for U+msa on input line 278.
(c:/Users/Claire.Rosemond/AppData/Roaming/TinyTeX/texmf-dist/tex/latex/amsfonts/umsa.fd
File: umsa.fd 2013/01/14 v3.01 AMS symbols A
)
LaTeX Font Info:    Trying to load font information for U+msb on input line 278.
(c:/Users/Claire.Rosemond/AppData/Roaming/TinyTeX/texmf-dist/tex/latex/amsfonts/umsb.fd
File: umsb.fd 2013/01/14 v3.01 AMS symbols B
)

Package footnotehyper Warning: 
(footnotehyper)    Failed to analyse \@makefntext into something usable.
(footnotehyper)    Using as fall-back the article class code.
(footnotehyper)    You may try to email the author this problematic meaning:
(footnotehyper)    \protected\long macro:#1->\noindent \socket_use:n {fntext/mark/link}\tag_socket_use:nnn {fntext/mark}{}{\socket_use:n {fntext/mark}}\tag_socket_use:nnn {fntext/text}{}{\socket_use:nn {fntext/text}{#1}}
(footnotehyper)    together with the document preamble (in particular if
(footnotehyper)    footnote numbers do not show at bottom of page).

Removing  `Babel.pre_otfload_h' from `hpack_filter'.
Removing  `luaotfload.node_processor' from `hpack_filter'.
Removing  `luaotfload.harf.finalize_hlist' from `hpack_filter'.
Removing  `markspaces' from `hpack_filter'.
Removing  `mathml amsmath processing' from `hpack_filter'.
Inserting `Babel.math_box_dir' in `hpack_filter'.
Inserting `Babel.pre_otfload_h' in `hpack_filter'.
Inserting `luaotfload.node_processor' in `hpack_filter'.
Inserting `luaotfload.harf.finalize_hlist' in `hpack_filter'.
Inserting `markspaces' in `hpack_filter'.
Inserting `mathml amsmath processing' in `hpack_filter'.
Inserting `Babel.unset_atdir' in `pre_linebreak_filter'.
Inserting `Babel.unset_atdir' in `hpack_filter'.
Package soulpos Info: Loading soulutf8 on input line 278.
(c:/Users/Claire.Rosemond/AppData/Roaming/TinyTeX/texmf-dist/tex/generic/soul/soulutf8.sty
Package: soulutf8 2023-06-14 v3.1 Permit use of UTF-8 characters in soul (HO)

Package soulutf8 Warning: This package is obsolete,
(soulutf8)                use the soul package directly. 
(soulutf8)                 on input line 29.

) (c:/Users/Claire.Rosemond/AppData/Roaming/TinyTeX/texmf-dist/tex/generic/soul/soul.sty
Package: soul 2023-06-14 v3.1 Permit use of UTF-8 characters in soul (HO)
(c:/Users/Claire.Rosemond/AppData/Roaming/TinyTeX/texmf-dist/tex/generic/soul/soul-ori.sty
Package: soul-ori 2023-06-14 v3.1 letterspacing/underlining (mf)
\SOUL@word=\toks62
\SOUL@lasttoken=\toks63
\SOUL@syllable=\toks64
\SOUL@cmds=\toks65
\SOUL@buffer=\toks66
\SOUL@token=\toks67
\SOUL@syllgoal=\dimen356
\SOUL@syllwidth=\dimen357
\SOUL@charkern=\dimen358
\SOUL@hyphkern=\dimen359
\SOUL@dimen=\dimen360
\SOUL@dimeni=\dimen361
\SOUL@minus=\count464
\SOUL@comma=\count465
\SOUL@apo=\count466
\SOUL@grave=\count467
\SOUL@spaceskip=\skip107
\SOUL@ttwidth=\dimen362
\SOUL@uldp=\dimen363
\SOUL@ulht=\dimen364
))
Package hyperref Info: Link coloring OFF on input line 278.
*geometry* driver: auto-detecting
*geometry* detected driver: luatex
*geometry* verbose mode - [ preamble ] result:
* driver: luatex
* paper: <default>
* layout: <same size as paper>
* layoutoffset:(h,v)=(0.0pt,0.0pt)
* modes: 
* h-part:(L,W,R)=(92.14519pt, 430.00462pt, 92.14519pt)
* v-part:(T,H,B)=(95.39737pt, 556.47656pt, 143.09605pt)
* \paperwidth=614.295pt
* \paperheight=794.96999pt
* \textwidth=430.00462pt
* \textheight=556.47656pt
* \oddsidemargin=19.8752pt
* \evensidemargin=19.8752pt
* \topmargin=-13.87262pt
* \headheight=12.0pt
* \headsep=25.0pt
* \topskip=10.0pt
* \footskip=30.0pt
* \marginparwidth=65.0pt
* \marginparsep=11.0pt
* \columnsep=10.0pt
* \skip\footins=9.0pt plus 4.0pt minus 2.0pt
* \hoffset=0.0pt
* \voffset=0.0pt
* \mag=1000
* \@twocolumnfalse
* \@twosidefalse
* \@mparswitchfalse
* \@reversemarginfalse
* (1in=72.27pt=25.4mm, 1cm=28.453pt)

Package caption Info: Begin \AtBeginDocument code.
Package caption Info: End \AtBeginDocument code.
\g__math_luamml_iow=\write5

\openout5 = yelloweye_508-luamml-mathml.html

Package tagpdf Info: luamml has been enabled and will create an MathML file.

*geometry* verbose mode - [ newgeometry ] result:
* driver: luatex
* paper: <default>
* layout: <same size as paper>
* layoutoffset:(h,v)=(0.0pt,0.0pt)
* modes: 
* h-part:(L,W,R)=(72.26999pt, 469.75502pt, 72.26999pt)
* v-part:(T,H,B)=(144.54pt, 578.16pt, 72.26999pt)
* \paperwidth=614.295pt
* \paperheight=794.96999pt
* \textwidth=469.75502pt
* \textheight=578.16pt
* \oddsidemargin=0.0pt
* \evensidemargin=0.0pt
* \topmargin=35.27pt
* \headheight=12.0pt
* \headsep=25.0pt
* \topskip=10.0pt
* \footskip=30.0pt
* \marginparwidth=65.0pt
* \marginparsep=11.0pt
* \columnsep=10.0pt
* \skip\footins=9.0pt plus 4.0pt minus 2.0pt
* \hoffset=0.0pt
* \voffset=0.0pt
* \mag=1000
* \@twocolumnfalse
* \@twosidefalse
* \@mparswitchfalse
* \@reversemarginfalse
* (1in=72.27pt=25.4mm, 1cm=28.453pt)

LaTeX Font Info:    Font shape `TU/LatinModernSans(3)/m/n' will be
(Font)              scaled to size 20.74pt on input line 300.
LaTeX Font Info:    Font shape `TU/LatinModernSans(3)/b/n' will be
(Font)              scaled to size 20.74pt on input line 300.
(c:/Users/Claire.Rosemond/AppData/Roaming/TinyTeX/texmf-dist/tex/generic/stringenc/se-ascii-print.def
File: se-ascii-print.def 2019/11/29 v1.12 stringenc: Printable ASCII characters
)
<support_files/Yelloweye_Rockfish.png, id=32, 642.4pt x 428.60126pt>
File: support_files/Yelloweye_Rockfish.png Graphic file (type png)
<use support_files/Yelloweye_Rockfish.png>
Package luatex.def Info: support_files/Yelloweye_Rockfish.png  used on input line 311.
(luatex.def)             Requested size: 361.34999pt x 241.09415pt.
File: support_files/Yelloweye_Rockfish.png Graphic file (type png)
<use support_files/Yelloweye_Rockfish.png>
Package luatex.def Info: support_files/Yelloweye_Rockfish.png  used on input line 311.
(luatex.def)             Requested size: 361.34999pt x 241.09415pt.
File: support_files/Yelloweye_Rockfish.png Graphic file (type png)
<use support_files/Yelloweye_Rockfish.png>
Package luatex.def Info: support_files/Yelloweye_Rockfish.png  used on input line 311.
(luatex.def)             Requested size: 361.34999pt x 241.09415pt.

Package tagpdf Warning: Alternative text for graphic is missing.
(tagpdf)                Using 'support_files/Yelloweye_Rockfish.png' instead.

File: support_files/Yelloweye_Rockfish.png Graphic file (type png)
<use support_files/Yelloweye_Rockfish.png>
Package luatex.def Info: support_files/Yelloweye_Rockfish.png  used on input line 311.
(luatex.def)             Requested size: 361.34999pt x 241.09415pt.
LaTeX Font Info:    Font shape `TU/LatinModernSans(3)/m/n' will be
(Font)              scaled to size 12.0pt on input line 320.
LaTeX Font Info:    Font shape `TU/LatinModernSans(3)/m/n' will be
(Font)              scaled to size 7.0pt on input line 320.
<support_files/us_doc_logo.png, id=55, 353.32pt x 343.2825pt>

Package tagpdf Warning: Alternative text for graphic is missing.
(tagpdf)                Using 'support_files/us_doc_logo.png' instead.

File: support_files/us_doc_logo.png Graphic file (type png)
<use support_files/us_doc_logo.png>
Package luatex.def Info: support_files/us_doc_logo.png  used on input line 449.
(luatex.def)             Requested size: 56.9055pt x 55.28773pt.

Overfull \vbox (20.87953pt too high) detected at line 455
 []

[1


\openout3 = yelloweye_508.upa

{c:/Users/Claire.Rosemond/AppData/Roaming/TinyTeX/texmf-var/fonts/map/pdftex/updmap/pdftex.map}<./support_files/Yelloweye_rockfish.png><./support_files/us_doc_logo.png>]

LaTeX Font Warning: Font shape `T1/LatinModernSans(3)/b/n' undefined
(Font)              using `T1/LatinModernSans(3)/m/n' instead on input line 463.

(./yelloweye_508.toc
LaTeX Font Info:    Font shape `TU/LatinModernSans(3)/b/n' will be
(Font)              scaled to size 10.0pt on input line 2.

Overfull \hbox (0.60715pt too wide) detected at line 16
 []\T1/latinmodern-math.otf(1)/m/n/10 xvii
 []


LaTeX Font Warning: Font shape `T1/LatinModernSans(3)/m/sl' undefined
(Font)              using `T1/LatinModernSans(3)/m/n' instead on input line 49.

LaTeX Font Info:    Font shape `TU/LatinModernSans(3)/m/sl' in size <10> not available
(Font)              Font shape `TU/LatinModernSans(3)/m/it' tried instead on input line 49.
LaTeX Font Info:    Font shape `TU/LatinModernSans(3)/m/it' will be
(Font)              scaled to size 10.0pt on input line 49.

warning  (pdf backend): ignoring duplicate destination with the name 'page.1'

warning  (pdf backend): ignoring duplicate destination with the name 'page.1'
[1

]
Package marginnote Info: Using workaround for absolute page number on input line 49.
)
\tf@toc=\write6

\openout6 = yelloweye_508.toc
[1]
Package marginnote Info: Using workaround for absolute page number on input line 472.
[2]
<figures/YEYE_at_a_glance.png, id=656, 1938.24126pt x 2509.375pt>
File: figures/YEYE_at_a_glance.png Graphic file (type png)
<use figures/YEYE_at_a_glance.png>
Package luatex.def Info: figures/YEYE_at_a_glance.png  used on input line 492.
(luatex.def)             Requested size: 614.30528pt x 794.97554pt.
[3

<./figures/YEYE_at_a_glance.png>]
Floatstructure:332
<figures/r4ss_plots/plots/catch2_landings_stacked.png, id=680, 469.755pt x 289.08pt>
File: figures/r4ss_plots/plots/catch2_landings_stacked.png Graphic file (type png)
<use figures/r4ss_plots/plots/catch2_landings_stacked.png>
Package luatex.def Info: figures/r4ss_plots/plots/catch2_landings_stacked.png  used on input line 546.
(luatex.def)             Requested size: 469.75386pt x 289.07928pt.

warning  (pdf backend): ignoring duplicate destination with the name 'page.i'

warning  (pdf backend): ignoring duplicate destination with the name 'page.i'
[1]
Package marginnote Info: Using workaround for absolute page number on input line 555.

warning  (pdf backend): ignoring duplicate destination with the name 'page.ii'

warning  (pdf backend): ignoring duplicate destination with the name 'page.ii'
[2<./figures/r4ss_plots/plots/catch2_landings_stacked.png>]
LaTeX Font Info:    External font `lmex10' loaded for size
(Font)              <9> on input line 567.
LaTeX Font Info:    External font `lmex10' loaded for size
(Font)              <6> on input line 567.

Overfull \hbox (3.48189pt too wide) in paragraph at lines 569--569
 []|\T1/latinmodern-math.otf(1)/m/n/9 ORWA 
 []


Overfull \hbox (3.48189pt too wide) in paragraph at lines 569--569
 []|\T1/latinmodern-math.otf(1)/m/n/9 ORWA 
 []


warning  (pdf backend): ignoring duplicate destination with the name 'page.iii'

warning  (pdf backend): ignoring duplicate destination with the name 'page.iii'
[3

] [4

]
LaTeX Font Info:    Font shape `TU/LatinModernSans(3)/m/n' will be
(Font)              scaled to size 9.0pt on input line 636.
<figures/r4ss_plots/plots/ts7_Spawning_output_with_95_intervals.png, id=1332, 469.755pt x 289.08pt>
File: figures/r4ss_plots/plots/ts7_Spawning_output_with_95_intervals.png Graphic file (type png)
<use figures/r4ss_plots/plots/ts7_Spawning_output_with_95_intervals.png>
Package luatex.def Info: figures/r4ss_plots/plots/ts7_Spawning_output_with_95_intervals.png  used on input line 671.
(luatex.def)             Requested size: 469.75386pt x 289.07928pt.
<figures/r4ss_plots/plots/ts9_Relative_spawning_output_intervals.png, id=1340, 469.755pt x 289.08pt>
File: figures/r4ss_plots/plots/ts9_Relative_spawning_output_intervals.png Graphic file (type png)
<use figures/r4ss_plots/plots/ts9_Relative_spawning_output_intervals.png>
Package luatex.def Info: figures/r4ss_plots/plots/ts9_Relative_spawning_output_intervals.png  used on input line 685.
(luatex.def)             Requested size: 469.75386pt x 289.07928pt.
[5

<./figures/r4ss_plots/plots/ts7_Spawning_output_with_95_intervals.png>]
<figures/r4ss_plots/plots/ts10_Relative_spawning_output.png, id=1357, 469.755pt x 289.08pt>
File: figures/r4ss_plots/plots/ts10_Relative_spawning_output.png Graphic file (type png)
<use figures/r4ss_plots/plots/ts10_Relative_spawning_output.png>
Package luatex.def Info: figures/r4ss_plots/plots/ts10_Relative_spawning_output.png  used on input line 698.
(luatex.def)             Requested size: 469.75386pt x 289.07928pt.
[6<./figures/r4ss_plots/plots/ts9_Relative_spawning_output_intervals.png>] [7<./figures/r4ss_plots/plots/ts10_Relative_spawning_output.png>]
<figures/r4ss_plots/plots/ts11_Age-0_recruits_(1000s)_with_95_asymptotic_intervals.png, id=1640, 469.755pt x 289.08pt>
File: figures/r4ss_plots/plots/ts11_Age-0_recruits_(1000s)_with_95_asymptotic_intervals.png Graphic file (type png)
<use figures/r4ss_plots/plots/ts11_Age-0_recruits_(1000s)_with_95_asymptotic_intervals.png>
Package luatex.def Info: figures/r4ss_plots/plots/ts11_Age-0_recruits_(1000s)_with_95_asymptotic_intervals.png  used on input line 757.
(luatex.def)             Requested size: 469.75386pt x 289.07928pt.
[8

]
<figures/r4ss_plots/plots/recdevs2_withbars.png, id=1663, 469.755pt x 289.08pt>
File: figures/r4ss_plots/plots/recdevs2_withbars.png Graphic file (type png)
<use figures/r4ss_plots/plots/recdevs2_withbars.png>
Package luatex.def Info: figures/r4ss_plots/plots/recdevs2_withbars.png  used on input line 771.
(luatex.def)             Requested size: 469.75386pt x 289.07928pt.
[9<./figures/r4ss_plots/plots/ts11_Age-0_recruits_(1000s)_with_95_asymptotic_intervals.png>]
<figures/r4ss_plots/plots/SPR4_phase.png, id=1685, 469.755pt x 469.755pt>
File: figures/r4ss_plots/plots/SPR4_phase.png Graphic file (type png)
<use figures/r4ss_plots/plots/SPR4_phase.png>
Package luatex.def Info: figures/r4ss_plots/plots/SPR4_phase.png  used on input line 798.
(luatex.def)             Requested size: 469.75386pt x 469.75386pt.
[10<./figures/r4ss_plots/plots/recdevs2_withbars.png>] [11<./figures/r4ss_plots/plots/SPR4_phase.png>] [12

] [13

] [14

] [15



]
Missing character: There is no ∗ (U+2217) in font ecrm1000!
Missing character: There is no ∗ (U+2217) in font ecrm0700!
Missing character: There is no ∗ (U+2217) in font ecrm1000!
Missing character: There is no ∗ (U+2217) in font ecrm0700!
LaTeX Font Info:    Trying to load font information for TS1+LatinModernSans(3) on input line 1077.
LaTeX Font Info:    No file TS1LatinModernSans(3).fd. on input line 1077.

LaTeX Font Warning: Font shape `TS1/LatinModernSans(3)/m/n' undefined
(Font)              using `TS1/cmr/m/n' instead
(Font)              for symbol `textbullet' on input line 1077.

[16


] [17]
warning  (pdf backend): ignoring duplicate destination with the name 'page.1'

warning  (pdf backend): ignoring duplicate destination with the name 'page.1'
[1

]
Package marginnote Info: Using workaround for absolute page number on input line 1169.
[2] [3] [4] [5] [6] [7] [8] [9] [10] [11] [12] [13] [14] [15] [16] [17] [18] [19] [20] [21]
Missing character: There is no δ (U+03B4) in font "name:Latin Modern Sans:mode=node;script=latn;language=ENG;+tlig;family=rm;"!
Missing character: There is no δ (U+03B4) in font "name:Latin Modern Sans:mode=node;script=latn;language=ENG;+tlig;family=rm;"!
Missing character: There is no δ (U+03B4) in font "name:Latin Modern Sans:mode=node;script=latn;language=ENG;+tlig;family=rm;"!
Missing character: There is no δ (U+03B4) in font "name:Latin Modern Sans:mode=node;script=latn;language=ENG;+tlig;family=rm;"!
[22
Missing character: There is no δ (U+03B4) in font "name:Latin Modern Sans:mode=node;script=latn;language=ENG;+tlig;family=rm;"!
Missing character: There is no δ (U+03B4) in font "name:Latin Modern Sans:mode=node;script=latn;language=ENG;+tlig;family=rm;"!
] [23] [24]
warning  (pdf backend): ignoring duplicate destination with the name 'table.2'

warning  (pdf backend): ignoring duplicate destination with the name 'table.2'
[25


] [26] [27] [28]
warning  (pdf backend): ignoring duplicate destination with the name 'table.3'

warning  (pdf backend): ignoring duplicate destination with the name 'table.3'

Overfull \hbox (7.85764pt too wide) in alignment at lines 2816--2838
 [][][][][][][][][][] 
 []


warning  (pdf backend): ignoring duplicate destination with the name 'table.4'

warning  (pdf backend): ignoring duplicate destination with the name 'table.4'
[29

]
warning  (pdf backend): ignoring duplicate destination with the name 'table.5'

warning  (pdf backend): ignoring duplicate destination with the name 'table.5'
[30

]
warning  (pdf backend): ignoring duplicate destination with the name 'table.6'

warning  (pdf backend): ignoring duplicate destination with the name 'table.6'
[31


]
warning  (pdf backend): ignoring duplicate destination with the name 'table.7'

warning  (pdf backend): ignoring duplicate destination with the name 'table.7'
[32

] [33] [34

] [35] [36


] [37] [38] [39] [40] [41] [42]
LaTeX Font Info:    Font shape `TU/LatinModernSans(3)/b/n' will be
(Font)              scaled to size 9.0pt on input line 3401.
[43



]
Overfull \hbox (62.65762pt too wide) in alignment at lines 3437--3470
 [][][][][][][][][][][] 
 []

[44



] [45



] [46




] [47



] [48



]
LaTeX Font Info:    Font shape `TU/LatinModernSans(3)/m/n' will be
(Font)              scaled to size 8.0pt on input line 3664.

Overfull \hbox (3.21033pt too wide) in alignment at lines 3667--3678
 [][][][][][][][][] 
 []


LaTeX Font Warning: Font shape `T1/LatinModernSans(3)/m/it' undefined
(Font)              using `T1/LatinModernSans(3)/m/sl' instead on input line 3679.


LaTeX Font Warning: Font shape `T1/LatinModernSans(3)/m/it' undefined
(Font)              using `T1/LatinModernSans(3)/m/sl' instead on input line 3679.


Overfull \hbox (3.21033pt too wide) in alignment at lines 3678--3683
 [][][][][][][][][] 
 []


Overfull \hbox (3.21033pt too wide) in alignment at lines 3683--3685
 [][][][][][][][][] 
 []


Overfull \hbox (3.21033pt too wide) in alignment at lines 3685--3687
 [][][][][][][][][] 
 []


Overfull \hbox (3.21033pt too wide) in alignment at lines 3687--3837
 [][][][][][][][][] 
 []

ignored error Infinite glue shrinkage found in box being split [49

]
ignored error Infinite glue shrinkage found in box being split [50]
ignored error Infinite glue shrinkage found in box being split [51] [52] [53] [54


]
Missing character: There is no ∗ (U+2217) in font ecrm1000!
Missing character: There is no ∗ (U+2217) in font ecrm0700!
Missing character: There is no ∗ (U+2217) in font ecrm1000!
Missing character: There is no ∗ (U+2217) in font ecrm0700!
[55

]
Floatstructure:17480
<figures/r4ss_plots/plots/data_plot.png, id=18992, 469.755pt x 469.755pt>
File: figures/r4ss_plots/plots/data_plot.png Graphic file (type png)
<use figures/r4ss_plots/plots/data_plot.png>
Package luatex.def Info: figures/r4ss_plots/plots/data_plot.png  used on input line 3976.
(luatex.def)             Requested size: 469.75386pt x 469.75386pt.
Floatstructure:17487
File: figures/r4ss_plots/plots/catch2_landings_stacked.png Graphic file (type png)
<use figures/r4ss_plots/plots/catch2_landings_stacked.png>
Package luatex.def Info: figures/r4ss_plots/plots/catch2_landings_stacked.png  used on input line 3989.
(luatex.def)             Requested size: 469.75386pt x 289.07928pt.
Floatstructure:17494
<figures/indices/ORFS_qq.png, id=19009, 505.89pt x 505.89pt>
File: figures/indices/ORFS_qq.png Graphic file (type png)
<use figures/indices/ORFS_qq.png>
Package luatex.def Info: figures/indices/ORFS_qq.png  used on input line 4002.
(luatex.def)             Requested size: 505.88875pt x 505.88875pt.
Floatstructure:17501
<figures/indices/ORFS index comparison_errbars.png, id=19018, 722.7pt x 361.35pt>
File: figures/indices/ORFS index comparison_errbars.png Graphic file (type png)
<use figures/indices/ORFS index comparison_errbars.png>
Package luatex.def Info: figures/indices/ORFS index comparison_errbars.png  used on input line 4015.
(luatex.def)             Requested size: 722.69823pt x 361.34912pt.
Floatstructure:17508
<figures/indices/ORBS_qq.png, id=19027, 505.89pt x 505.89pt>
File: figures/indices/ORBS_qq.png Graphic file (type png)
<use figures/indices/ORBS_qq.png>
Package luatex.def Info: figures/indices/ORBS_qq.png  used on input line 4028.
(luatex.def)             Requested size: 505.88875pt x 505.88875pt.
Floatstructure:17515
<figures/r4ss_plots/plots/index4_logcpuedata_6_OR_REC.png, id=19036, 469.755pt x 289.08pt>
File: figures/r4ss_plots/plots/index4_logcpuedata_6_OR_REC.png Graphic file (type png)
<use figures/r4ss_plots/plots/index4_logcpuedata_6_OR_REC.png>
Package luatex.def Info: figures/r4ss_plots/plots/index4_logcpuedata_6_OR_REC.png  used on input line 4041.
(luatex.def)             Requested size: 469.75386pt x 289.07928pt.
[56] [57<./figures/r4ss_plots/plots/data_plot.png>] [58] [59<./figures/indices/ORFS_qq.png>] [60<./figures/indices/ORFS index comparison_errbars.png>] [61<./figures/indices/ORBS_qq.png>] [62<./figures/r4ss_plots/plots/index4_logcpuedata_6_OR_REC.png>]
Floatstructure:17522
<figures/indices/ORBS index comparison_ORBSonly_errbars.png, id=19097, 722.7pt x 361.35pt>
File: figures/indices/ORBS index comparison_ORBSonly_errbars.png Graphic file (type png)
<use figures/indices/ORBS index comparison_ORBSonly_errbars.png>
Package luatex.def Info: figures/indices/ORBS index comparison_ORBSonly_errbars.png  used on input line 4057.
(luatex.def)             Requested size: 722.69823pt x 361.34912pt.
Floatstructure:17529
<figures/indices/wcgbts_qq.png, id=19106, 505.89pt x 505.89pt>
File: figures/indices/wcgbts_qq.png Graphic file (type png)
<use figures/indices/wcgbts_qq.png>
Package luatex.def Info: figures/indices/wcgbts_qq.png  used on input line 4071.
(luatex.def)             Requested size: 505.88875pt x 505.88875pt.
Floatstructure:17536
<figures/indices/wcgbts_index_comparison.png, id=19117, 364.7226pt x 214.8828pt>
File: figures/indices/wcgbts_index_comparison.png Graphic file (type png)
<use figures/indices/wcgbts_index_comparison.png>
Package luatex.def Info: figures/indices/wcgbts_index_comparison.png  used on input line 4085.
(luatex.def)             Requested size: 516.05092pt x 304.04056pt.

Overfull \hbox (86.0463pt too wide) in paragraph at lines 4085--4086
 [][][][][] 
 []

Floatstructure:17543
<figures/indices/IPHC_index_comparison.pdf, id=19124, 488.82625pt x 243.91125pt>
File: figures/indices/IPHC_index_comparison.pdf Graphic file (type pdf)
<use figures/indices/IPHC_index_comparison.pdf>
Package luatex.def Info: figures/indices/IPHC_index_comparison.pdf  used on input line 4099.
(luatex.def)             Requested size: 488.82504pt x 243.91064pt.
Floatstructure:17550
<figures/r4ss_plots/plots/comp_lendat_flt11mkt0.png, id=19133, 469.755pt x 469.755pt>
File: figures/r4ss_plots/plots/comp_lendat_flt11mkt0.png Graphic file (type png)
<use figures/r4ss_plots/plots/comp_lendat_flt11mkt0.png>
Package luatex.def Info: figures/r4ss_plots/plots/comp_lendat_flt11mkt0.png  used on input line 4112.
(luatex.def)             Requested size: 469.75386pt x 469.75386pt.
Floatstructure:17557
<figures/r4ss_plots/plots/comp_lendat_flt12mkt0.png, id=19142, 469.755pt x 469.755pt>
File: figures/r4ss_plots/plots/comp_lendat_flt12mkt0.png Graphic file (type png)
<use figures/r4ss_plots/plots/comp_lendat_flt12mkt0.png>
Package luatex.def Info: figures/r4ss_plots/plots/comp_lendat_flt12mkt0.png  used on input line 4125.
(luatex.def)             Requested size: 469.75386pt x 469.75386pt.
[63

<./figures/indices/ORBS index comparison_ORBSonly_errbars.png>] [64<./figures/indices/wcgbts_qq.png>] [65<./figures/indices/wcgbts_index_comparison.png>] [66<./figures/indices/IPHC_index_comparison.pdf>] [67<./figures/r4ss_plots/plots/comp_lendat_flt11mkt0.png>] [68<./figures/r4ss_plots/plots/comp_lendat_flt12mkt0.png>]
Floatstructure:17564
<figures/r4ss_plots/plots/comp_condAALdat_bubflt11mkt0_page1.png, id=19201, 469.755pt x 469.755pt>
File: figures/r4ss_plots/plots/comp_condAALdat_bubflt11mkt0_page1.png Graphic file (type png)
<use figures/r4ss_plots/plots/comp_condAALdat_bubflt11mkt0_page1.png>
Package luatex.def Info: figures/r4ss_plots/plots/comp_condAALdat_bubflt11mkt0_page1.png  used on input line 4140.
(luatex.def)             Requested size: 469.75386pt x 469.75386pt.
Floatstructure:17571
<figures/r4ss_plots/plots/comp_condAALdat_bubflt11mkt0_page2.png, id=19210, 469.755pt x 469.755pt>
File: figures/r4ss_plots/plots/comp_condAALdat_bubflt11mkt0_page2.png Graphic file (type png)
<use figures/r4ss_plots/plots/comp_condAALdat_bubflt11mkt0_page2.png>
Package luatex.def Info: figures/r4ss_plots/plots/comp_condAALdat_bubflt11mkt0_page2.png  used on input line 4153.
(luatex.def)             Requested size: 469.75386pt x 469.75386pt.
Floatstructure:17578
<figures/r4ss_plots/plots/comp_condAALdat_bubflt12mkt0_page1.png, id=19219, 469.755pt x 469.755pt>
File: figures/r4ss_plots/plots/comp_condAALdat_bubflt12mkt0_page1.png Graphic file (type png)
<use figures/r4ss_plots/plots/comp_condAALdat_bubflt12mkt0_page1.png>
Package luatex.def Info: figures/r4ss_plots/plots/comp_condAALdat_bubflt12mkt0_page1.png  used on input line 4166.
(luatex.def)             Requested size: 469.75386pt x 469.75386pt.
Floatstructure:17585
<figures/r4ss_plots/plots/comp_condAALdat_bubflt12mkt0_page2.png, id=19228, 469.755pt x 469.755pt>
File: figures/r4ss_plots/plots/comp_condAALdat_bubflt12mkt0_page2.png Graphic file (type png)
<use figures/r4ss_plots/plots/comp_condAALdat_bubflt12mkt0_page2.png>
Package luatex.def Info: figures/r4ss_plots/plots/comp_condAALdat_bubflt12mkt0_page2.png  used on input line 4179.
(luatex.def)             Requested size: 469.75386pt x 469.75386pt.
Floatstructure:17592
<figures/r4ss_plots/plots/bio5_weightatsize.png, id=19237, 469.755pt x 289.08pt>
File: figures/r4ss_plots/plots/bio5_weightatsize.png Graphic file (type png)
<use figures/r4ss_plots/plots/bio5_weightatsize.png>
Package luatex.def Info: figures/r4ss_plots/plots/bio5_weightatsize.png  used on input line 4192.
(luatex.def)             Requested size: 469.75386pt x 289.07928pt.
Floatstructure:17599
<figures/r4ss_plots/plots/bio6_maturity.png, id=19246, 469.755pt x 289.08pt>
File: figures/r4ss_plots/plots/bio6_maturity.png Graphic file (type png)
<use figures/r4ss_plots/plots/bio6_maturity.png>
Package luatex.def Info: figures/r4ss_plots/plots/bio6_maturity.png  used on input line 4204.
(luatex.def)             Requested size: 469.75386pt x 289.07928pt.
Floatstructure:17606
<figures/r4ss_plots/plots/bio9_fecundity_len.png, id=19255, 469.755pt x 289.08pt>
File: figures/r4ss_plots/plots/bio9_fecundity_len.png Graphic file (type png)
<use figures/r4ss_plots/plots/bio9_fecundity_len.png>
Package luatex.def Info: figures/r4ss_plots/plots/bio9_fecundity_len.png  used on input line 4217.
(luatex.def)             Requested size: 469.75386pt x 289.07928pt.
Floatstructure:17613
<figures/bridging/3_extendedcatch/compare2_spawnbio_uncertainty.png, id=19264, 469.755pt x 361.35pt>
File: figures/bridging/3_extendedcatch/compare2_spawnbio_uncertainty.png Graphic file (type png)
<use figures/bridging/3_extendedcatch/compare2_spawnbio_uncertainty.png>
Package luatex.def Info: figures/bridging/3_extendedcatch/compare2_spawnbio_uncertainty.png  used on input line 4230.
(luatex.def)             Requested size: 469.75386pt x 361.34912pt.
Floatstructure:17620
<figures/bridging/3_extendedcatch/compare4_Bratio_uncertainty.png, id=19273, 469.755pt x 361.35pt>
File: figures/bridging/3_extendedcatch/compare4_Bratio_uncertainty.png Graphic file (type png)
<use figures/bridging/3_extendedcatch/compare4_Bratio_uncertainty.png>
Package luatex.def Info: figures/bridging/3_extendedcatch/compare4_Bratio_uncertainty.png  used on input line 4245.
(luatex.def)             Requested size: 469.75386pt x 361.34912pt.
Floatstructure:17627
<figures/bridging/3_extendedcatch/compare18_smrybio.png, id=19282, 469.755pt x 361.35pt>
File: figures/bridging/3_extendedcatch/compare18_smrybio.png Graphic file (type png)
<use figures/bridging/3_extendedcatch/compare18_smrybio.png>
Package luatex.def Info: figures/bridging/3_extendedcatch/compare18_smrybio.png  used on input line 4260.
(luatex.def)             Requested size: 469.75386pt x 361.34912pt.
Floatstructure:17634
<figures/bridging/5_newindices/compare2_spawnbio_uncertainty.png, id=19291, 469.755pt x 361.35pt>
File: figures/bridging/5_newindices/compare2_spawnbio_uncertainty.png Graphic file (type png)
<use figures/bridging/5_newindices/compare2_spawnbio_uncertainty.png>
Package luatex.def Info: figures/bridging/5_newindices/compare2_spawnbio_uncertainty.png  used on input line 4275.
(luatex.def)             Requested size: 469.75386pt x 361.34912pt.
Floatstructure:17641
<figures/bridging/14_tunecomps/compare2_spawnbio_uncertainty.png, id=19300, 469.755pt x 361.35pt>
File: figures/bridging/14_tunecomps/compare2_spawnbio_uncertainty.png Graphic file (type png)
<use figures/bridging/14_tunecomps/compare2_spawnbio_uncertainty.png>
Package luatex.def Info: figures/bridging/14_tunecomps/compare2_spawnbio_uncertainty.png  used on input line 4290.
(luatex.def)             Requested size: 469.75386pt x 361.34912pt.
Floatstructure:17648
<figures/bridging/14_tunecomps/compare11_recdevs.png, id=19309, 469.755pt x 361.35pt>
File: figures/bridging/14_tunecomps/compare11_recdevs.png Graphic file (type png)
<use figures/bridging/14_tunecomps/compare11_recdevs.png>
Package luatex.def Info: figures/bridging/14_tunecomps/compare11_recdevs.png  used on input line 4305.
(luatex.def)             Requested size: 469.75386pt x 361.34912pt.
Floatstructure:17655
<figures/bridging/23_alldata_tunecomps_fitbias_upctl_tuned_upstart_refine_fore/compare2_spawnbio_uncertainty.png, id=19318, 469.755pt x 361.35pt>
File: figures/bridging/23_alldata_tunecomps_fitbias_upctl_tuned_upstart_refine_fore/compare2_spawnbio_uncertainty.png Graphic file (type png)
<use figures/bridging/23_alldata_tunecomps_fitbias_upctl_tuned_upstart_refine_fore/compare2_spawnbio_uncertainty.png>
Package luatex.def Info: figures/bridging/23_alldata_tunecomps_fitbias_upctl_tuned_upstart_refine_fore/compare2_spawnbio_uncertainty.png  used on input line 4320.
(luatex.def)             Requested size: 469.75386pt x 361.34912pt.
Floatstructure:17662
<figures/bridging/23_alldata_tunecomps_fitbias_upctl_tuned_upstart_refine_fore/compare4_Bratio_uncertainty.png, id=19327, 469.755pt x 361.35pt>
File: figures/bridging/23_alldata_tunecomps_fitbias_upctl_tuned_upstart_refine_fore/compare4_Bratio_uncertainty.png Graphic file (type png)
<use figures/bridging/23_alldata_tunecomps_fitbias_upctl_tuned_upstart_refine_fore/compare4_Bratio_uncertainty.png>
Package luatex.def Info: figures/bridging/23_alldata_tunecomps_fitbias_upctl_tuned_upstart_refine_fore/compare4_Bratio_uncertainty.png  used on input line 4337.
(luatex.def)             Requested size: 469.75386pt x 361.34912pt.
Floatstructure:17669
<figures/bridging/1_SS3exe/compare4_Bratio_uncertainty.png, id=19336, 469.755pt x 361.35pt>
File: figures/bridging/1_SS3exe/compare4_Bratio_uncertainty.png Graphic file (type png)
<use figures/bridging/1_SS3exe/compare4_Bratio_uncertainty.png>
Package luatex.def Info: figures/bridging/1_SS3exe/compare4_Bratio_uncertainty.png  used on input line 4354.
(luatex.def)             Requested size: 469.75386pt x 361.34912pt.
[69<./figures/r4ss_plots/plots/comp_condAALdat_bubflt11mkt0_page1.png>] [70<./figures/r4ss_plots/plots/comp_condAALdat_bubflt11mkt0_page2.png>] [71<./figures/r4ss_plots/plots/comp_condAALdat_bubflt12mkt0_page1.png>] [72<./figures/r4ss_plots/plots/comp_condAALdat_bubflt12mkt0_page2.png>] [73<./figures/r4ss_plots/plots/bio5_weightatsize.png>] [74<./figures/r4ss_plots/plots/bio6_maturity.png>] [75<./figures/r4ss_plots/plots/bio9_fecundity_len.png>] [76<./figures/bridging/3_extendedcatch/compare2_spawnbio_uncertainty.png>] [77<./figures/bridging/3_extendedcatch/compare4_Bratio_uncertainty.png>] [78<./figures/bridging/3_extendedcatch/compare18_smrybio.png>] [79<./figures/bridging/5_newindices/compare2_spawnbio_uncertainty.png>] [80<./figures/bridging/14_tunecomps/compare2_spawnbio_uncertainty.png>] [81<./figures/bridging/14_tunecomps/compare11_recdevs.png>] [82<./figures/bridging/23_alldata_tunecomps_fitbias_upctl_tuned_upstart_refine_fore/compare2_spawnbio_uncertainty.png>] [83<./figures/bridging/23_alldata_tunecomps_fitbias_upctl_tuned_upstart_refine_fore/compare4_Bratio_uncertainty.png>] [84<./figures/bridging/1_SS3exe/compare4_Bratio_uncertainty.png>]
Floatstructure:17676
<figures/r4ss_plots/plots/bio1_sizeatage.png, id=19476, 469.755pt x 289.08pt>
File: figures/r4ss_plots/plots/bio1_sizeatage.png Graphic file (type png)
<use figures/r4ss_plots/plots/bio1_sizeatage.png>
Package luatex.def Info: figures/r4ss_plots/plots/bio1_sizeatage.png  used on input line 4369.
(luatex.def)             Requested size: 469.75386pt x 289.07928pt.
Floatstructure:17683
<figures/r4ss_plots/plots/recruit_fit_bias_adjust.png, id=19485, 469.755pt x 289.08pt>
File: figures/r4ss_plots/plots/recruit_fit_bias_adjust.png Graphic file (type png)
<use figures/r4ss_plots/plots/recruit_fit_bias_adjust.png>
Package luatex.def Info: figures/r4ss_plots/plots/recruit_fit_bias_adjust.png  used on input line 4382.
(luatex.def)             Requested size: 469.75386pt x 289.07928pt.
[85


<./figures/r4ss_plots/plots/bio1_sizeatage.png>] [86<./figures/r4ss_plots/plots/recruit_fit_bias_adjust.png>]
Floatstructure:17690
<figures/r4ss_plots/plots/sel01_multiple_fleets_length1.png, id=19510, 469.755pt x 289.08pt>
File: figures/r4ss_plots/plots/sel01_multiple_fleets_length1.png Graphic file (type png)
<use figures/r4ss_plots/plots/sel01_multiple_fleets_length1.png>
Package luatex.def Info: figures/r4ss_plots/plots/sel01_multiple_fleets_length1.png  used on input line 4399.
(luatex.def)             Requested size: 469.75386pt x 289.07928pt.
Floatstructure:17697
<figures/r4ss_plots/plots/bio10_spawningoutput_len.png, id=19519, 469.755pt x 289.08pt>
File: figures/r4ss_plots/plots/bio10_spawningoutput_len.png Graphic file (type png)
<use figures/r4ss_plots/plots/bio10_spawningoutput_len.png>
Package luatex.def Info: figures/r4ss_plots/plots/bio10_spawningoutput_len.png  used on input line 4412.
(luatex.def)             Requested size: 469.75386pt x 289.07928pt.
Floatstructure:17704
<figures/r4ss_plots/plots/SR_curve.png, id=19528, 469.755pt x 469.755pt>
File: figures/r4ss_plots/plots/SR_curve.png Graphic file (type png)
<use figures/r4ss_plots/plots/SR_curve.png>
Package luatex.def Info: figures/r4ss_plots/plots/SR_curve.png  used on input line 4426.
(luatex.def)             Requested size: 469.75386pt x 469.75386pt.
Floatstructure:17711
File: figures/r4ss_plots/plots/recdevs2_withbars.png Graphic file (type png)
<use figures/r4ss_plots/plots/recdevs2_withbars.png>
Package luatex.def Info: figures/r4ss_plots/plots/recdevs2_withbars.png  used on input line 4440.
(luatex.def)             Requested size: 469.75386pt x 289.07928pt.
[87

<./figures/r4ss_plots/plots/sel01_multiple_fleets_length1.png>] [88<./figures/r4ss_plots/plots/bio10_spawningoutput_len.png>] [89<./figures/r4ss_plots/plots/SR_curve.png>] [90]
Floatstructure:17718
<figures/r4ss_plots/plots/index5_logcpuefit_3_CA_REC.png, id=19577, 469.755pt x 289.08pt>
File: figures/r4ss_plots/plots/index5_logcpuefit_3_CA_REC.png Graphic file (type png)
<use figures/r4ss_plots/plots/index5_logcpuefit_3_CA_REC.png>
Package luatex.def Info: figures/r4ss_plots/plots/index5_logcpuefit_3_CA_REC.png  used on input line 4455.
(luatex.def)             Requested size: 469.75386pt x 289.07928pt.
Floatstructure:17725
<figures/r4ss_plots/plots/index5_logcpuefit_6_OR_REC.png, id=19586, 469.755pt x 289.08pt>
File: figures/r4ss_plots/plots/index5_logcpuefit_6_OR_REC.png Graphic file (type png)
<use figures/r4ss_plots/plots/index5_logcpuefit_6_OR_REC.png>
Package luatex.def Info: figures/r4ss_plots/plots/index5_logcpuefit_6_OR_REC.png  used on input line 4468.
(luatex.def)             Requested size: 469.75386pt x 289.07928pt.
Floatstructure:17732
<figures/r4ss_plots/plots/index5_logcpuefit_7_WA_REC.png, id=19595, 469.755pt x 289.08pt>
File: figures/r4ss_plots/plots/index5_logcpuefit_7_WA_REC.png Graphic file (type png)
<use figures/r4ss_plots/plots/index5_logcpuefit_7_WA_REC.png>
Package luatex.def Info: figures/r4ss_plots/plots/index5_logcpuefit_7_WA_REC.png  used on input line 4481.
(luatex.def)             Requested size: 469.75386pt x 289.07928pt.
Floatstructure:17739
<figures/r4ss_plots/plots/index5_logcpuefit_8_CACPFV.png, id=19604, 469.755pt x 289.08pt>
File: figures/r4ss_plots/plots/index5_logcpuefit_8_CACPFV.png Graphic file (type png)
<use figures/r4ss_plots/plots/index5_logcpuefit_8_CACPFV.png>
Package luatex.def Info: figures/r4ss_plots/plots/index5_logcpuefit_8_CACPFV.png  used on input line 4494.
(luatex.def)             Requested size: 469.75386pt x 289.07928pt.
Floatstructure:17746
<figures/r4ss_plots/plots/index5_logcpuefit_9_OR_RECOB.png, id=19613, 469.755pt x 289.08pt>
File: figures/r4ss_plots/plots/index5_logcpuefit_9_OR_RECOB.png Graphic file (type png)
<use figures/r4ss_plots/plots/index5_logcpuefit_9_OR_RECOB.png>
Package luatex.def Info: figures/r4ss_plots/plots/index5_logcpuefit_9_OR_RECOB.png  used on input line 4507.
(luatex.def)             Requested size: 469.75386pt x 289.07928pt.
Floatstructure:17753
<figures/r4ss_plots/plots/index5_logcpuefit_10_TRI_ORWA.png, id=19622, 469.755pt x 289.08pt>
File: figures/r4ss_plots/plots/index5_logcpuefit_10_TRI_ORWA.png Graphic file (type png)
<use figures/r4ss_plots/plots/index5_logcpuefit_10_TRI_ORWA.png>
Package luatex.def Info: figures/r4ss_plots/plots/index5_logcpuefit_10_TRI_ORWA.png  used on input line 4520.
(luatex.def)             Requested size: 469.75386pt x 289.07928pt.
Floatstructure:17760
<figures/r4ss_plots/plots/index5_logcpuefit_11_NWFSC_ORWA.png, id=19631, 469.755pt x 289.08pt>
File: figures/r4ss_plots/plots/index5_logcpuefit_11_NWFSC_ORWA.png Graphic file (type png)
<use figures/r4ss_plots/plots/index5_logcpuefit_11_NWFSC_ORWA.png>
Package luatex.def Info: figures/r4ss_plots/plots/index5_logcpuefit_11_NWFSC_ORWA.png  used on input line 4533.
(luatex.def)             Requested size: 469.75386pt x 289.07928pt.
Floatstructure:17767
<figures/r4ss_plots/plots/index5_logcpuefit_12_IPHC_ORWA.png, id=19640, 469.755pt x 289.08pt>
File: figures/r4ss_plots/plots/index5_logcpuefit_12_IPHC_ORWA.png Graphic file (type png)
<use figures/r4ss_plots/plots/index5_logcpuefit_12_IPHC_ORWA.png>
Package luatex.def Info: figures/r4ss_plots/plots/index5_logcpuefit_12_IPHC_ORWA.png  used on input line 4545.
(luatex.def)             Requested size: 469.75386pt x 289.07928pt.
[91

<./figures/r4ss_plots/plots/index5_logcpuefit_3_CA_REC.png>] [92<./figures/r4ss_plots/plots/index5_logcpuefit_6_OR_REC.png>] [93<./figures/r4ss_plots/plots/index5_logcpuefit_7_WA_REC.png>] [94<./figures/r4ss_plots/plots/index5_logcpuefit_8_CACPFV.png>] [95<./figures/r4ss_plots/plots/index5_logcpuefit_9_OR_RECOB.png>] [96<./figures/r4ss_plots/plots/index5_logcpuefit_10_TRI_ORWA.png>] [97<./figures/r4ss_plots/plots/index5_logcpuefit_11_NWFSC_ORWA.png>] [98<./figures/r4ss_plots/plots/index5_logcpuefit_12_IPHC_ORWA.png>]
Floatstructure:17774
<figures/r4ss_plots/plots/comp_lenfit__aggregated_across_time.png, id=19725, 469.755pt x 469.755pt>
File: figures/r4ss_plots/plots/comp_lenfit__aggregated_across_time.png Graphic file (type png)
<use figures/r4ss_plots/plots/comp_lenfit__aggregated_across_time.png>
Package luatex.def Info: figures/r4ss_plots/plots/comp_lenfit__aggregated_across_time.png  used on input line 4559.
(luatex.def)             Requested size: 469.75386pt x 469.75386pt.
Floatstructure:17781
<figures/r4ss_plots/plots/comp_lenfit__page1_multi-fleet_comparison.png, id=19734, 469.755pt x 469.755pt>
File: figures/r4ss_plots/plots/comp_lenfit__page1_multi-fleet_comparison.png Graphic file (type png)
<use figures/r4ss_plots/plots/comp_lenfit__page1_multi-fleet_comparison.png>
Package luatex.def Info: figures/r4ss_plots/plots/comp_lenfit__page1_multi-fleet_comparison.png  used on input line 4572.
(luatex.def)             Requested size: 469.75386pt x 469.75386pt.
Floatstructure:17788
<figures/r4ss_plots/plots/comp_lenfit__page2_multi-fleet_comparison.png, id=19744, 469.755pt x 469.755pt>
File: figures/r4ss_plots/plots/comp_lenfit__page2_multi-fleet_comparison.png Graphic file (type png)
<use figures/r4ss_plots/plots/comp_lenfit__page2_multi-fleet_comparison.png>
Package luatex.def Info: figures/r4ss_plots/plots/comp_lenfit__page2_multi-fleet_comparison.png  used on input line 4587.
(luatex.def)             Requested size: 469.75386pt x 469.75386pt.
Floatstructure:17795
<figures/r4ss_plots/plots/comp_condAALfit_data_weighting_TA1-8_condAge2_CA_NONTWL.png, id=19753, 469.755pt x 469.755pt>
File: figures/r4ss_plots/plots/comp_condAALfit_data_weighting_TA1-8_condAge2_CA_NONTWL.png Graphic file (type png)
<use figures/r4ss_plots/plots/comp_condAALfit_data_weighting_TA1-8_condAge2_CA_NONTWL.png>
Package luatex.def Info: figures/r4ss_plots/plots/comp_condAALfit_data_weighting_TA1-8_condAge2_CA_NONTWL.png  used on input line 4602.
(luatex.def)             Requested size: 469.75386pt x 469.75386pt.
Floatstructure:17802
<figures/r4ss_plots/plots/comp_condAALfit_data_weighting_TA1-8_condAge3_CA_REC.png, id=19762, 469.755pt x 469.755pt>
File: figures/r4ss_plots/plots/comp_condAALfit_data_weighting_TA1-8_condAge3_CA_REC.png Graphic file (type png)
<use figures/r4ss_plots/plots/comp_condAALfit_data_weighting_TA1-8_condAge3_CA_REC.png>
Package luatex.def Info: figures/r4ss_plots/plots/comp_condAALfit_data_weighting_TA1-8_condAge3_CA_REC.png  used on input line 4617.
(luatex.def)             Requested size: 469.75386pt x 469.75386pt.
Floatstructure:17809
<figures/r4ss_plots/plots/comp_condAALfit_data_weighting_TA1-8_condAge4_ORWA_TWL.png, id=19771, 469.755pt x 469.755pt>
File: figures/r4ss_plots/plots/comp_condAALfit_data_weighting_TA1-8_condAge4_ORWA_TWL.png Graphic file (type png)
<use figures/r4ss_plots/plots/comp_condAALfit_data_weighting_TA1-8_condAge4_ORWA_TWL.png>
Package luatex.def Info: figures/r4ss_plots/plots/comp_condAALfit_data_weighting_TA1-8_condAge4_ORWA_TWL.png  used on input line 4632.
(luatex.def)             Requested size: 469.75386pt x 469.75386pt.
Floatstructure:17816
<figures/r4ss_plots/plots/comp_condAALfit_data_weighting_TA1-8_condAge5_ORWA_NONTWL.png, id=19780, 469.755pt x 469.755pt>
File: figures/r4ss_plots/plots/comp_condAALfit_data_weighting_TA1-8_condAge5_ORWA_NONTWL.png Graphic file (type png)
<use figures/r4ss_plots/plots/comp_condAALfit_data_weighting_TA1-8_condAge5_ORWA_NONTWL.png>
Package luatex.def Info: figures/r4ss_plots/plots/comp_condAALfit_data_weighting_TA1-8_condAge5_ORWA_NONTWL.png  used on input line 4647.
(luatex.def)             Requested size: 469.75386pt x 469.75386pt.
Floatstructure:17823
<figures/r4ss_plots/plots/comp_condAALfit_data_weighting_TA1-8_condAge6_OR_REC.png, id=19789, 469.755pt x 469.755pt>
File: figures/r4ss_plots/plots/comp_condAALfit_data_weighting_TA1-8_condAge6_OR_REC.png Graphic file (type png)
<use figures/r4ss_plots/plots/comp_condAALfit_data_weighting_TA1-8_condAge6_OR_REC.png>
Package luatex.def Info: figures/r4ss_plots/plots/comp_condAALfit_data_weighting_TA1-8_condAge6_OR_REC.png  used on input line 4662.
(luatex.def)             Requested size: 469.75386pt x 469.75386pt.
Floatstructure:17830
<figures/r4ss_plots/plots/comp_condAALfit_data_weighting_TA1-8_condAge7_WA_REC.png, id=19798, 469.755pt x 469.755pt>
File: figures/r4ss_plots/plots/comp_condAALfit_data_weighting_TA1-8_condAge7_WA_REC.png Graphic file (type png)
<use figures/r4ss_plots/plots/comp_condAALfit_data_weighting_TA1-8_condAge7_WA_REC.png>
Package luatex.def Info: figures/r4ss_plots/plots/comp_condAALfit_data_weighting_TA1-8_condAge7_WA_REC.png  used on input line 4677.
(luatex.def)             Requested size: 469.75386pt x 469.75386pt.
Floatstructure:17837
<figures/r4ss_plots/plots/comp_condAALfit_data_weighting_TA1-8_condAge11_NWFSC_ORWA.png, id=19807, 469.755pt x 469.755pt>
File: figures/r4ss_plots/plots/comp_condAALfit_data_weighting_TA1-8_condAge11_NWFSC_ORWA.png Graphic file (type png)
<use figures/r4ss_plots/plots/comp_condAALfit_data_weighting_TA1-8_condAge11_NWFSC_ORWA.png>
Package luatex.def Info: figures/r4ss_plots/plots/comp_condAALfit_data_weighting_TA1-8_condAge11_NWFSC_ORWA.png  used on input line 4692.
(luatex.def)             Requested size: 469.75386pt x 469.75386pt.
Floatstructure:17844
<figures/r4ss_plots/plots/comp_condAALfit_data_weighting_TA1-8_condAge12_IPHC_ORWA.png, id=19816, 469.755pt x 469.755pt>
File: figures/r4ss_plots/plots/comp_condAALfit_data_weighting_TA1-8_condAge12_IPHC_ORWA.png Graphic file (type png)
<use figures/r4ss_plots/plots/comp_condAALfit_data_weighting_TA1-8_condAge12_IPHC_ORWA.png>
Package luatex.def Info: figures/r4ss_plots/plots/comp_condAALfit_data_weighting_TA1-8_condAge12_IPHC_ORWA.png  used on input line 4707.
(luatex.def)             Requested size: 469.75386pt x 469.75386pt.
Floatstructure:17851
File: figures/r4ss_plots/plots/ts7_Spawning_output_with_95_intervals.png Graphic file (type png)
<use figures/r4ss_plots/plots/ts7_Spawning_output_with_95_intervals.png>
Package luatex.def Info: figures/r4ss_plots/plots/ts7_Spawning_output_with_95_intervals.png  used on input line 4722.
(luatex.def)             Requested size: 469.75386pt x 289.07928pt.
Floatstructure:17858
<figures/r4ss_plots/plots/ts8_Spawning_output_by_area.png, id=19833, 469.755pt x 289.08pt>
File: figures/r4ss_plots/plots/ts8_Spawning_output_by_area.png Graphic file (type png)
<use figures/r4ss_plots/plots/ts8_Spawning_output_by_area.png>
Package luatex.def Info: figures/r4ss_plots/plots/ts8_Spawning_output_by_area.png  used on input line 4735.
(luatex.def)             Requested size: 469.75386pt x 289.07928pt.
Floatstructure:17865
File: figures/r4ss_plots/plots/ts9_Relative_spawning_output_intervals.png Graphic file (type png)
<use figures/r4ss_plots/plots/ts9_Relative_spawning_output_intervals.png>
Package luatex.def Info: figures/r4ss_plots/plots/ts9_Relative_spawning_output_intervals.png  used on input line 4749.
(luatex.def)             Requested size: 469.75386pt x 289.07928pt.
Floatstructure:17872
File: figures/r4ss_plots/plots/ts10_Relative_spawning_output.png Graphic file (type png)
<use figures/r4ss_plots/plots/ts10_Relative_spawning_output.png>
Package luatex.def Info: figures/r4ss_plots/plots/ts10_Relative_spawning_output.png  used on input line 4763.
(luatex.def)             Requested size: 469.75386pt x 289.07928pt.
Floatstructure:17879
<figures/r4ss_plots/plots/ts2_Total_biomass_(t)_by_area.png, id=19858, 469.755pt x 289.08pt>
File: figures/r4ss_plots/plots/ts2_Total_biomass_(t)_by_area.png Graphic file (type png)
<use figures/r4ss_plots/plots/ts2_Total_biomass_(t)_by_area.png>
Package luatex.def Info: figures/r4ss_plots/plots/ts2_Total_biomass_(t)_by_area.png  used on input line 4776.
(luatex.def)             Requested size: 469.75386pt x 289.07928pt.
Floatstructure:17886
<figures/r4ss_plots/plots/ts5_Summary_biomass_(t)_by_area.png, id=19867, 469.755pt x 289.08pt>
File: figures/r4ss_plots/plots/ts5_Summary_biomass_(t)_by_area.png Graphic file (type png)
<use figures/r4ss_plots/plots/ts5_Summary_biomass_(t)_by_area.png>
Package luatex.def Info: figures/r4ss_plots/plots/ts5_Summary_biomass_(t)_by_area.png  used on input line 4789.
(luatex.def)             Requested size: 469.75386pt x 289.07928pt.
[99<./figures/r4ss_plots/plots/comp_lenfit__aggregated_across_time.png>] [100<./figures/r4ss_plots/plots/comp_lenfit__page1_multi-fleet_comparison.png>] [101<./figures/r4ss_plots/plots/comp_lenfit__page2_multi-fleet_comparison.png>] [102<./figures/r4ss_plots/plots/comp_condAALfit_data_weighting_TA1-8_condAge2_CA_NONTWL.png>] [103<./figures/r4ss_plots/plots/comp_condAALfit_data_weighting_TA1-8_condAge3_CA_REC.png>] [104<./figures/r4ss_plots/plots/comp_condAALfit_data_weighting_TA1-8_condAge4_ORWA_TWL.png>] [105<./figures/r4ss_plots/plots/comp_condAALfit_data_weighting_TA1-8_condAge5_ORWA_NONTWL.png>] [106<./figures/r4ss_plots/plots/comp_condAALfit_data_weighting_TA1-8_condAge6_OR_REC.png>] [107<./figures/r4ss_plots/plots/comp_condAALfit_data_weighting_TA1-8_condAge7_WA_REC.png>] [108<./figures/r4ss_plots/plots/comp_condAALfit_data_weighting_TA1-8_condAge11_NWFSC_ORWA.png>] [109<./figures/r4ss_plots/plots/comp_condAALfit_data_weighting_TA1-8_condAge12_IPHC_ORWA.png>] [110] [111<./figures/r4ss_plots/plots/ts8_Spawning_output_by_area.png>] [112] [113] [114<./figures/r4ss_plots/plots/ts2_Total_biomass_(t)_by_area.png>] [115<./figures/r4ss_plots/plots/ts5_Summary_biomass_(t)_by_area.png>]
Floatstructure:17893
File: figures/r4ss_plots/plots/ts11_Age-0_recruits_(1000s)_with_95_asymptotic_intervals.png Graphic file (type png)
<use figures/r4ss_plots/plots/ts11_Age-0_recruits_(1000s)_with_95_asymptotic_intervals.png>
Package luatex.def Info: figures/r4ss_plots/plots/ts11_Age-0_recruits_(1000s)_with_95_asymptotic_intervals.png  used on input line 4805.
(luatex.def)             Requested size: 469.75386pt x 289.07928pt.
Floatstructure:17900
<figures/bridging/25_2025base_vs_2017base/compare4_Bratio_uncertainty.png, id=20032, 1957.3125pt x 1505.625pt>
File: figures/bridging/25_2025base_vs_2017base/compare4_Bratio_uncertainty.png Graphic file (type png)
<use figures/bridging/25_2025base_vs_2017base/compare4_Bratio_uncertainty.png>
Package luatex.def Info: figures/bridging/25_2025base_vs_2017base/compare4_Bratio_uncertainty.png  used on input line 4818.
(luatex.def)             Requested size: 1957.30774pt x 1505.62134pt.
[116


] [117<./figures/bridging/25_2025base_vs_2017base/compare4_Bratio_uncertainty.png>]
Floatstructure:17907
<figures/bridging/25_2025base_vs_2017base/compare12_recdevs_uncertainty.png, id=20056, 1957.3125pt x 1505.625pt>
File: figures/bridging/25_2025base_vs_2017base/compare12_recdevs_uncertainty.png Graphic file (type png)
<use figures/bridging/25_2025base_vs_2017base/compare12_recdevs_uncertainty.png>
Package luatex.def Info: figures/bridging/25_2025base_vs_2017base/compare12_recdevs_uncertainty.png  used on input line 4834.
(luatex.def)             Requested size: 1957.30774pt x 1505.62134pt.
Floatstructure:17914
<figures/diagnostics/2025_base_model_jitter_0.1/jitter.png, id=20065, 650.43pt x 867.24pt>
File: figures/diagnostics/2025_base_model_jitter_0.1/jitter.png Graphic file (type png)
<use figures/diagnostics/2025_base_model_jitter_0.1/jitter.png>
Package luatex.def Info: figures/diagnostics/2025_base_model_jitter_0.1/jitter.png  used on input line 4849.
(luatex.def)             Requested size: 650.4284pt x 867.2379pt.

LaTeX Warning: Float too large for page by 34.02402pt on input line 4857.

Floatstructure:17921
<figures/sensitivities/modelingcompare2_spawnbio_uncertainty.png, id=20074, 469.755pt x 361.35pt>
File: figures/sensitivities/modelingcompare2_spawnbio_uncertainty.png Graphic file (type png)
<use figures/sensitivities/modelingcompare2_spawnbio_uncertainty.png>
Package luatex.def Info: figures/sensitivities/modelingcompare2_spawnbio_uncertainty.png  used on input line 4863.
(luatex.def)             Requested size: 469.75386pt x 361.34912pt.
Floatstructure:17928
<figures/sensitivities/modelingcompare4_Bratio_uncertainty.png, id=20083, 469.755pt x 361.35pt>
File: figures/sensitivities/modelingcompare4_Bratio_uncertainty.png Graphic file (type png)
<use figures/sensitivities/modelingcompare4_Bratio_uncertainty.png>
Package luatex.def Info: figures/sensitivities/modelingcompare4_Bratio_uncertainty.png  used on input line 4876.
(luatex.def)             Requested size: 469.75386pt x 361.34912pt.
Floatstructure:17935
<figures/sensitivities/length_comps_1compare2_spawnbio_uncertainty.png, id=20092, 469.755pt x 361.35pt>
File: figures/sensitivities/length_comps_1compare2_spawnbio_uncertainty.png Graphic file (type png)
<use figures/sensitivities/length_comps_1compare2_spawnbio_uncertainty.png>
Package luatex.def Info: figures/sensitivities/length_comps_1compare2_spawnbio_uncertainty.png  used on input line 4889.
(luatex.def)             Requested size: 469.75386pt x 361.34912pt.
Floatstructure:17942
<figures/sensitivities/length_comps_2compare2_spawnbio_uncertainty.png, id=20101, 469.755pt x 361.35pt>
File: figures/sensitivities/length_comps_2compare2_spawnbio_uncertainty.png Graphic file (type png)
<use figures/sensitivities/length_comps_2compare2_spawnbio_uncertainty.png>
Package luatex.def Info: figures/sensitivities/length_comps_2compare2_spawnbio_uncertainty.png  used on input line 4902.
(luatex.def)             Requested size: 469.75386pt x 361.34912pt.
Floatstructure:17949
<figures/sensitivities/length_comps_1compare4_Bratio_uncertainty.png, id=20110, 469.755pt x 361.35pt>
File: figures/sensitivities/length_comps_1compare4_Bratio_uncertainty.png Graphic file (type png)
<use figures/sensitivities/length_comps_1compare4_Bratio_uncertainty.png>
Package luatex.def Info: figures/sensitivities/length_comps_1compare4_Bratio_uncertainty.png  used on input line 4915.
(luatex.def)             Requested size: 469.75386pt x 361.34912pt.
Floatstructure:17956
<figures/sensitivities/length_comps_2compare4_Bratio_uncertainty.png, id=20119, 469.755pt x 361.35pt>
File: figures/sensitivities/length_comps_2compare4_Bratio_uncertainty.png Graphic file (type png)
<use figures/sensitivities/length_comps_2compare4_Bratio_uncertainty.png>
Package luatex.def Info: figures/sensitivities/length_comps_2compare4_Bratio_uncertainty.png  used on input line 4928.
(luatex.def)             Requested size: 469.75386pt x 361.34912pt.
[118

<./figures/bridging/25_2025base_vs_2017base/compare12_recdevs_uncertainty.png>] [119<./figures/diagnostics/2025_base_model_jitter_0.1/jitter.png>] [120<./figures/sensitivities/modelingcompare2_spawnbio_uncertainty.png>] [121<./figures/sensitivities/modelingcompare4_Bratio_uncertainty.png>] [122<./figures/sensitivities/length_comps_1compare2_spawnbio_uncertainty.png>] [123<./figures/sensitivities/length_comps_2compare2_spawnbio_uncertainty.png>] [124<./figures/sensitivities/length_comps_1compare4_Bratio_uncertainty.png>] [125<./figures/sensitivities/length_comps_2compare4_Bratio_uncertainty.png>]
Floatstructure:17963
<figures/sensitivities/age_comps_1compare2_spawnbio_uncertainty.png, id=20198, 469.755pt x 361.35pt>
File: figures/sensitivities/age_comps_1compare2_spawnbio_uncertainty.png Graphic file (type png)
<use figures/sensitivities/age_comps_1compare2_spawnbio_uncertainty.png>
Package luatex.def Info: figures/sensitivities/age_comps_1compare2_spawnbio_uncertainty.png  used on input line 4943.
(luatex.def)             Requested size: 469.75386pt x 361.34912pt.
Floatstructure:17970
<figures/sensitivities/age_comps_2compare2_spawnbio_uncertainty.png, id=20207, 469.755pt x 361.35pt>
File: figures/sensitivities/age_comps_2compare2_spawnbio_uncertainty.png Graphic file (type png)
<use figures/sensitivities/age_comps_2compare2_spawnbio_uncertainty.png>
Package luatex.def Info: figures/sensitivities/age_comps_2compare2_spawnbio_uncertainty.png  used on input line 4956.
(luatex.def)             Requested size: 469.75386pt x 361.34912pt.
Floatstructure:17977
<figures/sensitivities/age_comps_1compare4_Bratio_uncertainty.png, id=20216, 469.755pt x 361.35pt>
File: figures/sensitivities/age_comps_1compare4_Bratio_uncertainty.png Graphic file (type png)
<use figures/sensitivities/age_comps_1compare4_Bratio_uncertainty.png>
Package luatex.def Info: figures/sensitivities/age_comps_1compare4_Bratio_uncertainty.png  used on input line 4969.
(luatex.def)             Requested size: 469.75386pt x 361.34912pt.
Floatstructure:17984
<figures/sensitivities/age_comps_2compare4_Bratio_uncertainty.png, id=20225, 469.755pt x 361.35pt>
File: figures/sensitivities/age_comps_2compare4_Bratio_uncertainty.png Graphic file (type png)
<use figures/sensitivities/age_comps_2compare4_Bratio_uncertainty.png>
Package luatex.def Info: figures/sensitivities/age_comps_2compare4_Bratio_uncertainty.png  used on input line 4982.
(luatex.def)             Requested size: 469.75386pt x 361.34912pt.
Floatstructure:17991
<figures/sensitivities/indicescompare2_spawnbio_uncertainty.png, id=20234, 469.755pt x 361.35pt>
File: figures/sensitivities/indicescompare2_spawnbio_uncertainty.png Graphic file (type png)
<use figures/sensitivities/indicescompare2_spawnbio_uncertainty.png>
Package luatex.def Info: figures/sensitivities/indicescompare2_spawnbio_uncertainty.png  used on input line 4995.
(luatex.def)             Requested size: 469.75386pt x 361.34912pt.
Floatstructure:17998
<figures/sensitivities/indicescompare4_Bratio_uncertainty.png, id=20243, 469.755pt x 361.35pt>
File: figures/sensitivities/indicescompare4_Bratio_uncertainty.png Graphic file (type png)
<use figures/sensitivities/indicescompare4_Bratio_uncertainty.png>
Package luatex.def Info: figures/sensitivities/indicescompare4_Bratio_uncertainty.png  used on input line 5008.
(luatex.def)             Requested size: 469.75386pt x 361.34912pt.
[126

<./figures/sensitivities/age_comps_1compare2_spawnbio_uncertainty.png>] [127<./figures/sensitivities/age_comps_2compare2_spawnbio_uncertainty.png>] [128<./figures/sensitivities/age_comps_1compare4_Bratio_uncertainty.png>] [129<./figures/sensitivities/age_comps_2compare4_Bratio_uncertainty.png>] [130<./figures/sensitivities/indicescompare2_spawnbio_uncertainty.png>] [131<./figures/sensitivities/indicescompare4_Bratio_uncertainty.png>]
Floatstructure:18005
<figures/sensitivities/sens_summary.png, id=20305, 433.62pt x 469.755pt>
File: figures/sensitivities/sens_summary.png Graphic file (type png)
<use figures/sensitivities/sens_summary.png>
Package luatex.def Info: figures/sensitivities/sens_summary.png  used on input line 5023.
(luatex.def)             Requested size: 433.61894pt x 469.75386pt.
Floatstructure:18012
<figures/sensitivities/sens_summary_with_no_length_comps.png, id=20314, 433.62pt x 469.755pt>
File: figures/sensitivities/sens_summary_with_no_length_comps.png Graphic file (type png)
<use figures/sensitivities/sens_summary_with_no_length_comps.png>
Package luatex.def Info: figures/sensitivities/sens_summary_with_no_length_comps.png  used on input line 5036.
(luatex.def)             Requested size: 433.61894pt x 469.75386pt.
Floatstructure:18019
<figures/diagnostics/2025_base_model_retro_5_yr_peel/compare2_spawnbio_uncertainty.png, id=20323, 469.755pt x 361.35pt>
File: figures/diagnostics/2025_base_model_retro_5_yr_peel/compare2_spawnbio_uncertainty.png Graphic file (type png)
<use figures/diagnostics/2025_base_model_retro_5_yr_peel/compare2_spawnbio_uncertainty.png>
Package luatex.def Info: figures/diagnostics/2025_base_model_retro_5_yr_peel/compare2_spawnbio_uncertainty.png  used on input line 5050.
(luatex.def)             Requested size: 469.75386pt x 361.34912pt.
Floatstructure:18026
<figures/diagnostics/2025_base_model_retro_5_yr_peel/compare4_Bratio_uncertainty.png, id=20332, 469.755pt x 361.35pt>
File: figures/diagnostics/2025_base_model_retro_5_yr_peel/compare4_Bratio_uncertainty.png Graphic file (type png)
<use figures/diagnostics/2025_base_model_retro_5_yr_peel/compare4_Bratio_uncertainty.png>
Package luatex.def Info: figures/diagnostics/2025_base_model_retro_5_yr_peel/compare4_Bratio_uncertainty.png  used on input line 5064.
(luatex.def)             Requested size: 469.75386pt x 361.34912pt.
Floatstructure:18033
<figures/diagnostics/2025_base_model_retro_5_yr_peel/compare12_recdevs_uncertainty.png, id=20341, 469.755pt x 361.35pt>
File: figures/diagnostics/2025_base_model_retro_5_yr_peel/compare12_recdevs_uncertainty.png Graphic file (type png)
<use figures/diagnostics/2025_base_model_retro_5_yr_peel/compare12_recdevs_uncertainty.png>
Package luatex.def Info: figures/diagnostics/2025_base_model_retro_5_yr_peel/compare12_recdevs_uncertainty.png  used on input line 5078.
(luatex.def)             Requested size: 469.75386pt x 361.34912pt.
Floatstructure:18040
<figures/bridging/Timeseries_comp_previous_assessments.png, id=20351, 499.539pt x 296.088pt>
File: figures/bridging/Timeseries_comp_previous_assessments.png Graphic file (type png)
<use figures/bridging/Timeseries_comp_previous_assessments.png>
Package luatex.def Info: figures/bridging/Timeseries_comp_previous_assessments.png  used on input line 5091.
(luatex.def)             Requested size: 499.53777pt x 296.08727pt.
Floatstructure:18047
<figures/diagnostics/2025_base_model_profile_NatM_break_1_Fem_GP_1/piner_panel_NatM_break_1_Fem_GP_1.png, id=20360, 505.89pt x 505.89pt>
File: figures/diagnostics/2025_base_model_profile_NatM_break_1_Fem_GP_1/piner_panel_NatM_break_1_Fem_GP_1.png Graphic file (type png)
<use figures/diagnostics/2025_base_model_profile_NatM_break_1_Fem_GP_1/piner_panel_NatM_break_1_Fem_GP_1.png>
Package luatex.def Info: figures/diagnostics/2025_base_model_profile_NatM_break_1_Fem_GP_1/piner_panel_NatM_break_1_Fem_GP_1.png  used on input line 5104.
(luatex.def)             Requested size: 505.88875pt x 505.88875pt.
[132<./figures/sensitivities/sens_summary.png>] [133<./figures/sensitivities/sens_summary_with_no_length_comps.png>] [134<./figures/diagnostics/2025_base_model_retro_5_yr_peel/compare2_spawnbio_uncertainty.png>] [135<./figures/diagnostics/2025_base_model_retro_5_yr_peel/compare4_Bratio_uncertainty.png>] [136<./figures/diagnostics/2025_base_model_retro_5_yr_peel/compare12_recdevs_uncertainty.png>] [137<./figures/bridging/Timeseries_comp_previous_assessments.png>] [138<./figures/diagnostics/2025_base_model_profile_NatM_break_1_Fem_GP_1/piner_panel_NatM_break_1_Fem_GP_1.png>]
Floatstructure:18054
<figures/diagnostics/2025_base_model_profile_NatM_break_1_Fem_GP_1/NatM_break_1_Fem_GP_1_trajectories_compare3_Bratio.png, id=20422, 469.755pt x 361.35pt>
File: figures/diagnostics/2025_base_model_profile_NatM_break_1_Fem_GP_1/NatM_break_1_Fem_GP_1_trajectories_compare3_Bratio.png Graphic file (type png)
<use figures/diagnostics/2025_base_model_profile_NatM_break_1_Fem_GP_1/NatM_break_1_Fem_GP_1_trajectories_compare3_Bratio.png>
Package luatex.def Info: figures/diagnostics/2025_base_model_profile_NatM_break_1_Fem_GP_1/NatM_break_1_Fem_GP_1_trajectories_compare3_Bratio.png  used on input line 5120.
(luatex.def)             Requested size: 469.75386pt x 361.34912pt.
[139


<./figures/diagnostics/2025_base_model_profile_NatM_break_1_Fem_GP_1/NatM_break_1_Fem_GP_1_trajectories_compare3_Bratio.png>]
Floatstructure:18061
<figures/diagnostics/2025_base_model_profile_SR_BH_steep/piner_panel_SR_BH_steep.png, id=20440, 505.89pt x 505.89pt>
File: figures/diagnostics/2025_base_model_profile_SR_BH_steep/piner_panel_SR_BH_steep.png Graphic file (type png)
<use figures/diagnostics/2025_base_model_profile_SR_BH_steep/piner_panel_SR_BH_steep.png>
Package luatex.def Info: figures/diagnostics/2025_base_model_profile_SR_BH_steep/piner_panel_SR_BH_steep.png  used on input line 5136.
(luatex.def)             Requested size: 505.88875pt x 505.88875pt.
Floatstructure:18068
<figures/diagnostics/2025_base_model_profile_SR_BH_steep/SR_BH_steep_trajectories_compare3_Bratio.png, id=20449, 469.755pt x 361.35pt>
File: figures/diagnostics/2025_base_model_profile_SR_BH_steep/SR_BH_steep_trajectories_compare3_Bratio.png Graphic file (type png)
<use figures/diagnostics/2025_base_model_profile_SR_BH_steep/SR_BH_steep_trajectories_compare3_Bratio.png>
Package luatex.def Info: figures/diagnostics/2025_base_model_profile_SR_BH_steep/SR_BH_steep_trajectories_compare3_Bratio.png  used on input line 5150.
(luatex.def)             Requested size: 469.75386pt x 361.34912pt.
Floatstructure:18075
<figures/diagnostics/2025_base_model_profile_SR_LN(R0)/piner_panel_SR_LN(R0).png, id=20458, 505.89pt x 505.89pt>
File: figures/diagnostics/2025_base_model_profile_SR_LN(R0)/piner_panel_SR_LN(R0).png Graphic file (type png)
<use figures/diagnostics/2025_base_model_profile_SR_LN(R0)/piner_panel_SR_LN(R0).png>
Package luatex.def Info: figures/diagnostics/2025_base_model_profile_SR_LN(R0)/piner_panel_SR_LN(R0).png  used on input line 5164.
(luatex.def)             Requested size: 505.88875pt x 505.88875pt.
Floatstructure:18082
<figures/diagnostics/2025_base_model_profile_SR_LN(R0)/SR_LN(R0)_trajectories_compare1_spawnbio.png, id=20467, 469.755pt x 361.35pt>
File: figures/diagnostics/2025_base_model_profile_SR_LN(R0)/SR_LN(R0)_trajectories_compare1_spawnbio.png Graphic file (type png)
<use figures/diagnostics/2025_base_model_profile_SR_LN(R0)/SR_LN(R0)_trajectories_compare1_spawnbio.png>
Package luatex.def Info: figures/diagnostics/2025_base_model_profile_SR_LN(R0)/SR_LN(R0)_trajectories_compare1_spawnbio.png  used on input line 5178.
(luatex.def)             Requested size: 469.75386pt x 361.34912pt.
Floatstructure:18089
<figures/diagnostics/2025_base_model_profile_SR_LN(R0)/parameter_panel_SR_LN(R0).png, id=20476, 505.89pt x 505.89pt>
File: figures/diagnostics/2025_base_model_profile_SR_LN(R0)/parameter_panel_SR_LN(R0).png Graphic file (type png)
<use figures/diagnostics/2025_base_model_profile_SR_LN(R0)/parameter_panel_SR_LN(R0).png>
Package luatex.def Info: figures/diagnostics/2025_base_model_profile_SR_LN(R0)/parameter_panel_SR_LN(R0).png  used on input line 5191.
(luatex.def)             Requested size: 505.88875pt x 505.88875pt.
[140<./figures/diagnostics/2025_base_model_profile_SR_BH_steep/piner_panel_SR_BH_steep.png>] [141<./figures/diagnostics/2025_base_model_profile_SR_BH_steep/SR_BH_steep_trajectories_compare3_Bratio.png>] [142<./figures/diagnostics/2025_base_model_profile_SR_LN(R0)/piner_panel_SR_LN(R0).png>] [143<./figures/diagnostics/2025_base_model_profile_SR_LN(R0)/SR_LN(R0)_trajectories_compare1_spawnbio.png>] [144<./figures/diagnostics/2025_base_model_profile_SR_LN(R0)/parameter_panel_SR_LN(R0).png>]
Floatstructure:18096
<figures/r4ss_plots/plots/SPR1_series.png, id=20524, 469.755pt x 289.08pt>
File: figures/r4ss_plots/plots/SPR1_series.png Graphic file (type png)
<use figures/r4ss_plots/plots/SPR1_series.png>
Package luatex.def Info: figures/r4ss_plots/plots/SPR1_series.png  used on input line 5210.
(luatex.def)             Requested size: 469.75386pt x 289.07928pt.
Floatstructure:18103
<figures/r4ss_plots/plots/yield1_yield_curve.png, id=20533, 469.755pt x 289.08pt>
File: figures/r4ss_plots/plots/yield1_yield_curve.png Graphic file (type png)
<use figures/r4ss_plots/plots/yield1_yield_curve.png>
Package luatex.def Info: figures/r4ss_plots/plots/yield1_yield_curve.png  used on input line 5222.
(luatex.def)             Requested size: 469.75386pt x 289.07928pt.
[145


<./figures/r4ss_plots/plots/SPR1_series.png>] [146<./figures/r4ss_plots/plots/yield1_yield_curve.png>]

Package glossaries Warning: \makenoidxglossaries is required to make \printnoidxglossary[type={main}] work on input line 5238.


Package glossaries Warning: \makenoidxglossaries is required to make \printnoidxglossary[type={acronym}] work on input line 5238.

[147] 
enddocument/afterlastpage (AED): lastpage setting LastPage.
<<latex-list-css.html>><<latex-align-css.html>> (./yelloweye_508.aux * soulpos - computing points - it may take a few seconds *
\openout3 = yelloweye_508.upb
 (./yelloweye_508.upa))
 ***********
LaTeX2e <2025-11-01>
L3 programming layer <2026-01-19>
 ***********

LaTeX Font Warning: Some font shapes were not available, defaults substituted.


Package tagpdf Info: Finalizing the tagging structure:
(tagpdf)             Writing out ~18111 structure objects
(tagpdf)             with ~9435 'MC' leaf nodes.
(tagpdf)             Be patient if there are lots of objects!

Package tagpdf Info: writing ParentTree
Package tagpdf Info: writing IDTree
Package tagpdf Info: writing RoleMap
Package tagpdf Info: writing ClassMap
Package tagpdf Info: writing NameSpaces
Package tagpdf Info: writing StructElems
Package tagpdf Info: writing Root
)

Here is how much of LuaTeX's memory you used:
 100032 strings out of 476076
 1165500,7087374 words of node,token memory allocated
 103912 words of node memory still in use:
   7 hlist, 2 vlist, 2 rule, 2 glue, 4 kern, 3 glyph, 42994 attribute, 75 glue_spec, 8661 attribute_list, 1 write, 1 user_defined nodes
   avail lists: 1:17,2:172274,3:7248,4:638,5:1422,6:2687,7:37923,8:45,9:19830,10:27,11:2235
 119736 multiletter control sequences out of 65536+600000
 91 fonts using 10561711 bytes
 123i,20n,122p,2496b,990s stack positions out of 10000i,1000n,20000p,200000b,200000s
{c:/Users/Claire.Rosemond/AppData/Roaming/TinyTeX/texmf-dist/fonts/enc/dvips/lm/lm-mathit.enc}{c:/Users/Claire.Rosemond/AppData/Roaming/TinyTeX/texmf-dist/fonts/enc/dvips/lm/lm-ec.enc}{c:/Users/Claire.Rosemond/AppData/Roaming/TinyTeX/texmf-dist/fonts/enc/dvips/cm-super/cm-super-ts1.enc}<c:/Users/Claire.Rosemond/AppData/Roaming/TinyTeX/texmf-dist/fonts/opentype/public/lm/lmsans9-regular.otf>{c:/Users/Claire.Rosemond/AppData/Roaming/TinyTeX/texmf-dist/fonts/enc/dvips/cm-super/cm-super-t1.enc}<c:/Users/Claire.Rosemond/AppData/Roaming/TinyTeX/texmf-dist/fonts/opentype/public/lm/lmsans10-oblique.otf><c:/Users/Claire.Rosemond/AppData/Roaming/TinyTeX/texmf-dist/fonts/opentype/public/lm/lmroman10-regular.otf><c:/Users/Claire.Rosemond/AppData/Roaming/TinyTeX/texmf-dist/fonts/opentype/public/lm/lmsans10-regular.otf><c:/Users/Claire.Rosemond/AppData/Roaming/TinyTeX/texmf-dist/fonts/opentype/public/lm/lmsans8-regular.otf><c:/Users/Claire.Rosemond/AppData/Roaming/TinyTeX/texmf-dist/fonts/opentype/public/lm/lmsans12-regular.otf><c:/Users/Claire.Rosemond/AppData/Roaming/TinyTeX/texmf-dist/fonts/opentype/public/lm/lmsans10-bold.otf><c:/Users/Claire.Rosemond/AppData/Roaming/TinyTeX/texmf-dist/fonts/type1/public/lm/lmmi10.pfb><c:/Users/Claire.Rosemond/AppData/Roaming/TinyTeX/texmf-dist/fonts/type1/public/lm/lmmi7.pfb><c:/Users/Claire.Rosemond/AppData/Roaming/TinyTeX/texmf-dist/fonts/type1/public/lm/lmtt10.pfb><c:/Users/Claire.Rosemond/AppData/Roaming/TinyTeX/texmf-dist/fonts/type1/public/cm-super/sfrm0900.pfb><c:/Users/Claire.Rosemond/AppData/Roaming/TinyTeX/texmf-dist/fonts/type1/public/cm-super/sfrm1000.pfb><c:/Users/Claire.Rosemond/AppData/Roaming/TinyTeX/texmf-dist/fonts/type1/public/cm-super/sfrm1200.pfb>
Output written on yelloweye_508.pdf (169 pages, 7667167 bytes).

PDF statistics: 21421 PDF objects out of 22161 (max. 8388607)
 20667 compressed objects within 207 object streams
 556 named destinations out of 1000 (max. 131072)
 94678 words of extra memory for PDF output out of 116407 (max. 100000000)

