"type","Quantity","values"
Mohn,SSB,-0.0459256396913321
Mohn,Recruitment,0.874478767150956
Mohn,Fraction unfished,-0.0579319785090736
Mohn,F,-0.0533770681076796
NEFSC,SSB,-0.0204936731179246
NEFSC,Recruitment,-0.00679134510694794
NEFSC,Fraction unfished,-0.0324178455230123
NEFSC,F,0.0186615002863892
AFSC,SSB,-0.00918512793826641
AFSC,Recruitment,0.174895753430191
AFSC,F,-0.0106754136215359
AFSC,Fraction unfished,-0.0115863957018147
